D:\visual studio\MSBuild\Microsoft\VC\v170\Microsoft.CppBuild.targets(1129,5): warning MSB8027: 名为 encoded_frame.cc 的两个或更多文件将生成到同一位置的输出。这会导致错误的生成结果。   调用的文件是 ..\api\video\encoded_frame.cc, ..\modules\video_coding\encoded_frame.cc。
D:\visual studio\MSBuild\Microsoft\VC\v170\Microsoft.CppBuild.targets(1129,5): warning MSB8027: 名为 video_frame_buffer.cc 的两个或更多文件将生成到同一位置的输出。这会导致错误的生成结果。   调用的文件是 ..\api\video\video_frame_buffer.cc, ..\common_video\video_frame_buffer.cc。
D:\visual studio\MSBuild\Microsoft\VC\v170\Microsoft.CppBuild.targets(1129,5): warning MSB8027: 名为 auto_correlation.cc 的两个或更多文件将生成到同一位置的输出。这会导致错误的生成结果。   调用的文件是 ..\common_audio\signal_processing\auto_correlation.cc, ..\modules\audio_processing\agc2\rnn_vad\auto_correlation.cc。
D:\visual studio\MSBuild\Microsoft\VC\v170\Microsoft.CppBuild.targets(1129,5): warning MSB8027: 名为 ooura_fft.cc 的两个或更多文件将生成到同一位置的输出。这会导致错误的生成结果。   调用的文件是 ..\common_audio\third_party\ooura\fft_size_128\ooura_fft.cc, ..\modules\audio_processing\utility\ooura_fft.cc。
D:\visual studio\MSBuild\Microsoft\VC\v170\Microsoft.CppBuild.targets(1129,5): warning MSB8027: 名为 ooura_fft_mips.cc 的两个或更多文件将生成到同一位置的输出。这会导致错误的生成结果。   调用的文件是 ..\common_audio\third_party\ooura\fft_size_128\ooura_fft_mips.cc, ..\modules\audio_processing\utility\ooura_fft_mips.cc。
D:\visual studio\MSBuild\Microsoft\VC\v170\Microsoft.CppBuild.targets(1129,5): warning MSB8027: 名为 ooura_fft_neon.cc 的两个或更多文件将生成到同一位置的输出。这会导致错误的生成结果。   调用的文件是 ..\common_audio\third_party\ooura\fft_size_128\ooura_fft_neon.cc, ..\modules\audio_processing\utility\ooura_fft_neon.cc。
D:\visual studio\MSBuild\Microsoft\VC\v170\Microsoft.CppBuild.targets(1129,5): warning MSB8027: 名为 ooura_fft_sse2.cc 的两个或更多文件将生成到同一位置的输出。这会导致错误的生成结果。   调用的文件是 ..\common_audio\third_party\ooura\fft_size_128\ooura_fft_sse2.cc, ..\modules\audio_processing\utility\ooura_fft_sse2.cc。
D:\visual studio\MSBuild\Microsoft\VC\v170\Microsoft.CppBuild.targets(1129,5): warning MSB8027: 名为 decoder_database.cc 的两个或更多文件将生成到同一位置的输出。这会导致错误的生成结果。   调用的文件是 ..\modules\audio_coding\neteq\decoder_database.cc, ..\modules\video_coding\decoder_database.cc。
D:\visual studio\MSBuild\Microsoft\VC\v170\Microsoft.CppBuild.targets(1129,5): warning MSB8027: 名为 packet.cc 的两个或更多文件将生成到同一位置的输出。这会导致错误的生成结果。   调用的文件是 ..\modules\audio_coding\neteq\packet.cc, ..\modules\video_coding\packet.cc。
D:\visual studio\MSBuild\Microsoft\VC\v170\Microsoft.CppBuild.targets(1129,5): warning MSB8027: 名为 test_utils.cc 的两个或更多文件将生成到同一位置的输出。这会导致错误的生成结果。   调用的文件是 ..\modules\audio_processing\agc2\rnn_vad\test_utils.cc, ..\modules\audio_processing\test\test_utils.cc。
D:\visual studio\MSBuild\Microsoft\VC\v170\Microsoft.CppBuild.targets(1129,5): warning MSB8027: 名为 config.cc 的两个或更多文件将生成到同一位置的输出。这会导致错误的生成结果。   调用的文件是 ..\modules\audio_processing\include\config.cc, ..\modules\audio_processing\test\conversational_speech\config.cc。
D:\visual studio\MSBuild\Microsoft\VC\v170\Microsoft.CppBuild.targets(1129,5): warning MSB8027: 名为 timing.cc 的两个或更多文件将生成到同一位置的输出。这会导致错误的生成结果。   调用的文件是 ..\modules\audio_processing\test\conversational_speech\timing.cc, ..\modules\video_coding\timing.cc。
  audio_codec_pair_id.cc
  audio_decoder.cc
  audio_format.cc
  audio_options.cc
  media_stream_interface.cc
  media_types.cc
E:\rtsp\MyPlayer\3rdparty\webrtc_jitter\api\audio_codecs\audio_codec_pair_id.cc(92,1): error C1010: 在查找预编译头时遇到意外的文件结尾。是否忘记了向源中添加“#include "pch.h"”?
E:\rtsp\MyPlayer\3rdparty\webrtc_jitter\api\audio_codecs\audio_decoder.cc(154,1): error C1010: 在查找预编译头时遇到意外的文件结尾。是否忘记了向源中添加“#include "pch.h"”?
E:\rtsp\MyPlayer\3rdparty\webrtc_jitter\api\audio_codecs\audio_format.cc(87,1): error C1010: 在查找预编译头时遇到意外的文件结尾。是否忘记了向源中添加“#include "pch.h"”?
E:\rtsp\MyPlayer\3rdparty\webrtc_jitter\api\audio_options.cc(140,1): error C1010: 在查找预编译头时遇到意外的文件结尾。是否忘记了向源中添加“#include "pch.h"”?
E:\rtsp\MyPlayer\3rdparty\webrtc_jitter\api\media_stream_interface.cc(36,1): error C1010: 在查找预编译头时遇到意外的文件结尾。是否忘记了向源中添加“#include "pch.h"”?
E:\rtsp\MyPlayer\3rdparty\webrtc_jitter\api\media_types.cc(50,1): error C1010: 在查找预编译头时遇到意外的文件结尾。是否忘记了向源中添加“#include "pch.h"”?
  tick_timer.cc
E:\rtsp\MyPlayer\3rdparty\webrtc_jitter\api\neteq\tick_timer.cc(26,1): error C1010: 在查找预编译头时遇到意外的文件结尾。是否忘记了向源中添加“#include "pch.h"”?
  network_state_predictor.cc
E:\rtsp\MyPlayer\3rdparty\webrtc_jitter\api\network_state_predictor.cc(21,1): error C1010: 在查找预编译头时遇到意外的文件结尾。是否忘记了向源中添加“#include "pch.h"”?
  rtp_headers.cc
E:\rtsp\MyPlayer\3rdparty\webrtc_jitter\api\rtp_headers.cc(57,1): error C1010: 在查找预编译头时遇到意外的文件结尾。是否忘记了向源中添加“#include "pch.h"”?
  rtp_packet_info.cc
E:\rtsp\MyPlayer\3rdparty\webrtc_jitter\api\rtp_packet_info.cc(55,1): error C1010: 在查找预编译头时遇到意外的文件结尾。是否忘记了向源中添加“#include "pch.h"”?
  rtp_parameters.cc
E:\rtsp\MyPlayer\3rdparty\webrtc_jitter\api\rtp_parameters.cc(248,1): error C1010: 在查找预编译头时遇到意外的文件结尾。是否忘记了向源中添加“#include "pch.h"”?
  default_task_queue_factory_gcd.cc
E:\rtsp\MyPlayer\3rdparty\webrtc_jitter\api\task_queue\default_task_queue_factory_gcd.cc(22,1): error C1010: 在查找预编译头时遇到意外的文件结尾。是否忘记了向源中添加“#include "pch.h"”?
  default_task_queue_factory_libevent.cc
E:\rtsp\MyPlayer\3rdparty\webrtc_jitter\api\task_queue\default_task_queue_factory_libevent.cc(22,1): error C1010: 在查找预编译头时遇到意外的文件结尾。是否忘记了向源中添加“#include "pch.h"”?
  default_task_queue_factory_stdlib.cc
E:\rtsp\MyPlayer\3rdparty\webrtc_jitter\api\task_queue\default_task_queue_factory_stdlib.cc(22,1): error C1010: 在查找预编译头时遇到意外的文件结尾。是否忘记了向源中添加“#include "pch.h"”?
  default_task_queue_factory_unittest.cc
E:\rtsp\MyPlayer\3rdparty\webrtc_jitter\api\task_queue\default_task_queue_factory_unittest.cc(25,1): error C1010: 在查找预编译头时遇到意外的文件结尾。是否忘记了向源中添加“#include "pch.h"”?
  default_task_queue_factory_win.cc
E:\rtsp\MyPlayer\3rdparty\webrtc_jitter\api\task_queue\default_task_queue_factory_win.cc(22,1): error C1010: 在查找预编译头时遇到意外的文件结尾。是否忘记了向源中添加“#include "pch.h"”?
  task_queue_base.cc
E:\rtsp\MyPlayer\3rdparty\webrtc_jitter\api\task_queue\task_queue_base.cc(80,1): error C1010: 在查找预编译头时遇到意外的文件结尾。是否忘记了向源中添加“#include "pch.h"”?
  task_queue_test.cc
E:\rtsp\MyPlayer\3rdparty\webrtc_jitter\api\task_queue\task_queue_test.cc(274,1): error C1010: 在查找预编译头时遇到意外的文件结尾。是否忘记了向源中添加“#include "pch.h"”?
  bitrate_settings.cc
E:\rtsp\MyPlayer\3rdparty\webrtc_jitter\api\transport\bitrate_settings.cc(20,1): error C1010: 在查找预编译头时遇到意外的文件结尾。是否忘记了向源中添加“#include "pch.h"”?
  field_trial_based_config.cc
E:\rtsp\MyPlayer\3rdparty\webrtc_jitter\api\transport\field_trial_based_config.cc(19,1): error C1010: 在查找预编译头时遇到意外的文件结尾。是否忘记了向源中添加“#include "pch.h"”?
  正在生成代码...
  正在编译...
  goog_cc_factory.cc
E:\rtsp\MyPlayer\3rdparty\webrtc_jitter\api\transport\goog_cc_factory.cc(58,1): error C1010: 在查找预编译头时遇到意外的文件结尾。是否忘记了向源中添加“#include "pch.h"”?
  network_types.cc
E:\rtsp\MyPlayer\3rdparty\webrtc_jitter\api\transport\network_types.cc(112,1): error C1010: 在查找预编译头时遇到意外的文件结尾。是否忘记了向源中添加“#include "pch.h"”?
  data_rate.cc
E:\rtsp\MyPlayer\3rdparty\webrtc_jitter\api\units\data_rate.cc(33,1): error C1010: 在查找预编译头时遇到意外的文件结尾。是否忘记了向源中添加“#include "pch.h"”?
  data_size.cc
E:\rtsp\MyPlayer\3rdparty\webrtc_jitter\api\units\data_size.cc(29,1): error C1010: 在查找预编译头时遇到意外的文件结尾。是否忘记了向源中添加“#include "pch.h"”?
  frequency.cc
E:\rtsp\MyPlayer\3rdparty\webrtc_jitter\api\units\frequency.cc(31,1): error C1010: 在查找预编译头时遇到意外的文件结尾。是否忘记了向源中添加“#include "pch.h"”?
  timestamp.cc
E:\rtsp\MyPlayer\3rdparty\webrtc_jitter\api\units\timestamp.cc(32,1): error C1010: 在查找预编译头时遇到意外的文件结尾。是否忘记了向源中添加“#include "pch.h"”?
  time_delta.cc
E:\rtsp\MyPlayer\3rdparty\webrtc_jitter\api\units\time_delta.cc(35,1): error C1010: 在查找预编译头时遇到意外的文件结尾。是否忘记了向源中添加“#include "pch.h"”?
  builtin_video_bitrate_allocator_factory.cc
E:\rtsp\MyPlayer\3rdparty\webrtc_jitter\api\video\builtin_video_bitrate_allocator_factory.cc(58,1): error C1010: 在查找预编译头时遇到意外的文件结尾。是否忘记了向源中添加“#include "pch.h"”?
  color_space.cc
E:\rtsp\MyPlayer\3rdparty\webrtc_jitter\api\video\color_space.cc(188,1): error C1010: 在查找预编译头时遇到意外的文件结尾。是否忘记了向源中添加“#include "pch.h"”?
  encoded_frame.cc
E:\rtsp\MyPlayer\3rdparty\webrtc_jitter\api\video\encoded_frame.cc(22,1): error C1010: 在查找预编译头时遇到意外的文件结尾。是否忘记了向源中添加“#include "pch.h"”?
  encoded_image.cc
E:\rtsp\MyPlayer\3rdparty\webrtc_jitter\api\video\encoded_image.cc(116,1): error C1010: 在查找预编译头时遇到意外的文件结尾。是否忘记了向源中添加“#include "pch.h"”?
  hdr_metadata.cc
E:\rtsp\MyPlayer\3rdparty\webrtc_jitter\api\video\hdr_metadata.cc(22,1): error C1010: 在查找预编译头时遇到意外的文件结尾。是否忘记了向源中添加“#include "pch.h"”?
  i010_buffer.cc
E:\rtsp\MyPlayer\3rdparty\webrtc_jitter\api\video\i010_buffer.cc(267,1): error C1010: 在查找预编译头时遇到意外的文件结尾。是否忘记了向源中添加“#include "pch.h"”?
  i420_buffer.cc
E:\rtsp\MyPlayer\3rdparty\webrtc_jitter\api\video\i420_buffer.cc(262,1): error C1010: 在查找预编译头时遇到意外的文件结尾。是否忘记了向源中添加“#include "pch.h"”?
  color_space_unittest.cc
E:\rtsp\MyPlayer\3rdparty\webrtc_jitter\api\video\test\color_space_unittest.cc(75,1): error C1010: 在查找预编译头时遇到意外的文件结尾。是否忘记了向源中添加“#include "pch.h"”?
  video_bitrate_allocation_unittest.cc
E:\rtsp\MyPlayer\3rdparty\webrtc_jitter\api\video\test\video_bitrate_allocation_unittest.cc(65,1): error C1010: 在查找预编译头时遇到意外的文件结尾。是否忘记了向源中添加“#include "pch.h"”?
  video_bitrate_allocation.cc
E:\rtsp\MyPlayer\3rdparty\webrtc_jitter\api\video\video_bitrate_allocation.cc(185,1): error C1010: 在查找预编译头时遇到意外的文件结尾。是否忘记了向源中添加“#include "pch.h"”?
  video_content_type.cc
E:\rtsp\MyPlayer\3rdparty\webrtc_jitter\api\video\video_content_type.cc(94,1): error C1010: 在查找预编译头时遇到意外的文件结尾。是否忘记了向源中添加“#include "pch.h"”?
  video_frame.cc
E:\rtsp\MyPlayer\3rdparty\webrtc_jitter\api\video\video_frame.cc(220,1): error C1010: 在查找预编译头时遇到意外的文件结尾。是否忘记了向源中添加“#include "pch.h"”?
  video_frame_buffer.cc
E:\rtsp\MyPlayer\3rdparty\webrtc_jitter\api\video\video_frame_buffer.cc(87,1): error C1010: 在查找预编译头时遇到意外的文件结尾。是否忘记了向源中添加“#include "pch.h"”?
  正在生成代码...
  正在编译...
  video_source_interface.cc
E:\rtsp\MyPlayer\3rdparty\webrtc_jitter\api\video\video_source_interface.cc(20,1): error C1010: 在查找预编译头时遇到意外的文件结尾。是否忘记了向源中添加“#include "pch.h"”?
  video_stream_decoder_create.cc
E:\rtsp\MyPlayer\3rdparty\webrtc_jitter\api\video\video_stream_decoder_create.cc(29,1): error C1010: 在查找预编译头时遇到意外的文件结尾。是否忘记了向源中添加“#include "pch.h"”?
  video_stream_decoder_create_unittest.cc
E:\rtsp\MyPlayer\3rdparty\webrtc_jitter\api\video\video_stream_decoder_create_unittest.cc(48,1): error C1010: 在查找预编译头时遇到意外的文件结尾。是否忘记了向源中添加“#include "pch.h"”?
  video_stream_encoder_create.cc
E:\rtsp\MyPlayer\3rdparty\webrtc_jitter\api\video\video_stream_encoder_create.cc(32,1): error C1010: 在查找预编译头时遇到意外的文件结尾。是否忘记了向源中添加“#include "pch.h"”?
  video_stream_encoder_observer.cc
E:\rtsp\MyPlayer\3rdparty\webrtc_jitter\api\video\video_stream_encoder_observer.cc(18,1): error C1010: 在查找预编译头时遇到意外的文件结尾。是否忘记了向源中添加“#include "pch.h"”?
  video_timing.cc
E:\rtsp\MyPlayer\3rdparty\webrtc_jitter\api\video\video_timing.cc(90,1): error C1010: 在查找预编译头时遇到意外的文件结尾。是否忘记了向源中添加“#include "pch.h"”?
  video_codec.cc
E:\rtsp\MyPlayer\3rdparty\webrtc_jitter\api\video_codecs\video_codec.cc(140,1): error C1010: 在查找预编译头时遇到意外的文件结尾。是否忘记了向源中添加“#include "pch.h"”?
  video_decoder.cc
E:\rtsp\MyPlayer\3rdparty\webrtc_jitter\api\video_codecs\video_decoder.cc(36,1): error C1010: 在查找预编译头时遇到意外的文件结尾。是否忘记了向源中添加“#include "pch.h"”?
  video_encoder.cc
E:\rtsp\MyPlayer\3rdparty\webrtc_jitter\api\video_codecs\video_encoder.cc(160,1): error C1010: 在查找预编译头时遇到意外的文件结尾。是否忘记了向源中添加“#include "pch.h"”?
  auto_correlation.cc
E:\rtsp\MyPlayer\3rdparty\webrtc_jitter\common_audio\signal_processing\auto_correlation.cc(66,1): error C1010: 在查找预编译头时遇到意外的文件结尾。是否忘记了向源中添加“#include "pch.h"”?
  copy_set_operations.cc
E:\rtsp\MyPlayer\3rdparty\webrtc_jitter\common_audio\signal_processing\copy_set_operations.cc(83,1): error C1010: 在查找预编译头时遇到意外的文件结尾。是否忘记了向源中添加“#include "pch.h"”?
  cross_correlation.cc
E:\rtsp\MyPlayer\3rdparty\webrtc_jitter\common_audio\signal_processing\cross_correlation.cc(31,1): error C1010: 在查找预编译头时遇到意外的文件结尾。是否忘记了向源中添加“#include "pch.h"”?
  division_operations.cc
E:\rtsp\MyPlayer\3rdparty\webrtc_jitter\common_audio\signal_processing\division_operations.cc(142,1): error C1010: 在查找预编译头时遇到意外的文件结尾。是否忘记了向源中添加“#include "pch.h"”?
  dot_product_with_scale.cc
E:\rtsp\MyPlayer\3rdparty\webrtc_jitter\common_audio\signal_processing\dot_product_with_scale.cc(35,1): error C1010: 在查找预编译头时遇到意外的文件结尾。是否忘记了向源中添加“#include "pch.h"”?
  downsample_fast.cc
E:\rtsp\MyPlayer\3rdparty\webrtc_jitter\common_audio\signal_processing\downsample_fast.cc(66,1): error C1010: 在查找预编译头时遇到意外的文件结尾。是否忘记了向源中添加“#include "pch.h"”?
  energy.cc
E:\rtsp\MyPlayer\3rdparty\webrtc_jitter\common_audio\signal_processing\energy.cc(40,1): error C1010: 在查找预编译头时遇到意外的文件结尾。是否忘记了向源中添加“#include "pch.h"”?
  filter_ar.cc
E:\rtsp\MyPlayer\3rdparty\webrtc_jitter\common_audio\signal_processing\filter_ar.cc(96,1): error C1010: 在查找预编译头时遇到意外的文件结尾。是否忘记了向源中添加“#include "pch.h"”?
  get_hanning_window.cc
E:\rtsp\MyPlayer\3rdparty\webrtc_jitter\common_audio\signal_processing\get_hanning_window.cc(78,1): error C1010: 在查找预编译头时遇到意外的文件结尾。是否忘记了向源中添加“#include "pch.h"”?
  get_scaling_square.cc
E:\rtsp\MyPlayer\3rdparty\webrtc_jitter\common_audio\signal_processing\get_scaling_square.cc(47,1): error C1010: 在查找预编译头时遇到意外的文件结尾。是否忘记了向源中添加“#include "pch.h"”?
  ilbc_specific_functions.cc
E:\rtsp\MyPlayer\3rdparty\webrtc_jitter\common_audio\signal_processing\ilbc_specific_functions.cc(91,1): error C1010: 在查找预编译头时遇到意外的文件结尾。是否忘记了向源中添加“#include "pch.h"”?
  正在生成代码...
  正在编译...
  levinson_durbin.cc
E:\rtsp\MyPlayer\3rdparty\webrtc_jitter\common_audio\signal_processing\levinson_durbin.cc(250,1): error C1010: 在查找预编译头时遇到意外的文件结尾。是否忘记了向源中添加“#include "pch.h"”?
  min_max_operations.cc
E:\rtsp\MyPlayer\3rdparty\webrtc_jitter\common_audio\signal_processing\min_max_operations.cc(225,1): error C1010: 在查找预编译头时遇到意外的文件结尾。是否忘记了向源中添加“#include "pch.h"”?
  randomization_functions.cc
E:\rtsp\MyPlayer\3rdparty\webrtc_jitter\common_audio\signal_processing\randomization_functions.cc(116,1): error C1010: 在查找预编译头时遇到意外的文件结尾。是否忘记了向源中添加“#include "pch.h"”?
  spl_init.cc
E:\rtsp\MyPlayer\3rdparty\webrtc_jitter\common_audio\signal_processing\spl_init.cc(70,1): error C1010: 在查找预编译头时遇到意外的文件结尾。是否忘记了向源中添加“#include "pch.h"”?
  spl_sqrt.cc
E:\rtsp\MyPlayer\3rdparty\webrtc_jitter\common_audio\signal_processing\spl_sqrt.cc(195,1): error C1010: 在查找预编译头时遇到意外的文件结尾。是否忘记了向源中添加“#include "pch.h"”?
  vector_scaling_operations.cc
E:\rtsp\MyPlayer\3rdparty\webrtc_jitter\common_audio\signal_processing\vector_scaling_operations.cc(166,1): error C1010: 在查找预编译头时遇到意外的文件结尾。是否忘记了向源中添加“#include "pch.h"”?
  ooura_fft.cc
E:\rtsp\MyPlayer\3rdparty\webrtc_jitter\common_audio\third_party\ooura\fft_size_128\ooura_fft.cc(549,1): error C1010: 在查找预编译头时遇到意外的文件结尾。是否忘记了向源中添加“#include "pch.h"”?
  ooura_fft_mips.cc
E:\rtsp\MyPlayer\3rdparty\webrtc_jitter\common_audio\third_party\ooura\fft_size_128\ooura_fft_mips.cc(1246,1): error C1010: 在查找预编译头时遇到意外的文件结尾。是否忘记了向源中添加“#include "pch.h"”?
  ooura_fft_neon.cc
E:\rtsp\MyPlayer\3rdparty\webrtc_jitter\common_audio\third_party\ooura\fft_size_128\ooura_fft_neon.cc(352,1): error C1010: 在查找预编译头时遇到意外的文件结尾。是否忘记了向源中添加“#include "pch.h"”?
  ooura_fft_sse2.cc
E:\rtsp\MyPlayer\3rdparty\webrtc_jitter\common_audio\third_party\ooura\fft_size_128\ooura_fft_sse2.cc(440,1): error C1010: 在查找预编译头时遇到意外的文件结尾。是否忘记了向源中添加“#include "pch.h"”?
  fft4g.cc
E:\rtsp\MyPlayer\3rdparty\webrtc_jitter\common_audio\third_party\ooura\fft_size_256\fft4g.cc(867,1): error C1010: 在查找预编译头时遇到意外的文件结尾。是否忘记了向源中添加“#include "pch.h"”?
  bitrate_adjuster.cc
E:\rtsp\MyPlayer\3rdparty\webrtc_jitter\common_video\bitrate_adjuster.cc(150,1): error C1010: 在查找预编译头时遇到意外的文件结尾。是否忘记了向源中添加“#include "pch.h"”?
  generic_frame_info.cc
E:\rtsp\MyPlayer\3rdparty\webrtc_jitter\common_video\generic_frame_descriptor\generic_frame_info.cc(80,1): error C1010: 在查找预编译头时遇到意外的文件结尾。是否忘记了向源中添加“#include "pch.h"”?
  h264_bitstream_parser.cc
E:\rtsp\MyPlayer\3rdparty\webrtc_jitter\common_video\h264\h264_bitstream_parser.cc(314,1): error C1010: 在查找预编译头时遇到意外的文件结尾。是否忘记了向源中添加“#include "pch.h"”?
  h264_common.cc
E:\rtsp\MyPlayer\3rdparty\webrtc_jitter\common_video\h264\h264_common.cc(113,1): error C1010: 在查找预编译头时遇到意外的文件结尾。是否忘记了向源中添加“#include "pch.h"”?
  pps_parser.cc
E:\rtsp\MyPlayer\3rdparty\webrtc_jitter\common_video\h264\pps_parser.cc(202,1): error C1010: 在查找预编译头时遇到意外的文件结尾。是否忘记了向源中添加“#include "pch.h"”?
  sps_parser.cc
E:\rtsp\MyPlayer\3rdparty\webrtc_jitter\common_video\h264\sps_parser.cc(256,1): error C1010: 在查找预编译头时遇到意外的文件结尾。是否忘记了向源中添加“#include "pch.h"”?
  sps_vui_rewriter.cc
E:\rtsp\MyPlayer\3rdparty\webrtc_jitter\common_video\h264\sps_vui_rewriter.cc(607,1): error C1010: 在查找预编译头时遇到意外的文件结尾。是否忘记了向源中添加“#include "pch.h"”?
  sps_vui_rewriter_unittest.cc
E:\rtsp\MyPlayer\3rdparty\webrtc_jitter\common_video\h264\sps_vui_rewriter_unittest.cc(496,1): error C1010: 在查找预编译头时遇到意外的文件结尾。是否忘记了向源中添加“#include "pch.h"”?
  i420_buffer_pool.cc
E:\rtsp\MyPlayer\3rdparty\webrtc_jitter\common_video\i420_buffer_pool.cc(77,1): error C1010: 在查找预编译头时遇到意外的文件结尾。是否忘记了向源中添加“#include "pch.h"”?
  正在生成代码...
  正在编译...
  incoming_video_stream.cc
E:\rtsp\MyPlayer\3rdparty\webrtc_jitter\common_video\incoming_video_stream.cc(69,1): error C1010: 在查找预编译头时遇到意外的文件结尾。是否忘记了向源中添加“#include "pch.h"”?
  libyuv_unittest.cc
E:\rtsp\MyPlayer\3rdparty\webrtc_jitter\common_video\libyuv\libyuv_unittest.cc(341,1): error C1010: 在查找预编译头时遇到意外的文件结尾。是否忘记了向源中添加“#include "pch.h"”?
  webrtc_libyuv.cc
E:\rtsp\MyPlayer\3rdparty\webrtc_jitter\common_video\libyuv\webrtc_libyuv.cc(473,1): error C1010: 在查找预编译头时遇到意外的文件结尾。是否忘记了向源中添加“#include "pch.h"”?
  utilities.cc
E:\rtsp\MyPlayer\3rdparty\webrtc_jitter\common_video\test\utilities.cc(49,1): error C1010: 在查找预编译头时遇到意外的文件结尾。是否忘记了向源中添加“#include "pch.h"”?
  video_frame_buffer.cc
E:\rtsp\MyPlayer\3rdparty\webrtc_jitter\common_video\video_frame_buffer.cc(291,1): error C1010: 在查找预编译头时遇到意外的文件结尾。是否忘记了向源中添加“#include "pch.h"”?
  video_render_frames.cc
E:\rtsp\MyPlayer\3rdparty\webrtc_jitter\common_video\video_render_frames.cc(106,1): error C1010: 在查找预编译头时遇到意外的文件结尾。是否忘记了向源中添加“#include "pch.h"”?
  webrtc_cng.cc
E:\rtsp\MyPlayer\3rdparty\webrtc_jitter\modules\audio_coding\codecs\cng\webrtc_cng.cc(437,1): error C1010: 在查找预编译头时遇到意外的文件结尾。是否忘记了向源中添加“#include "pch.h"”?
  decoder_database.cc
E:\rtsp\MyPlayer\3rdparty\webrtc_jitter\modules\audio_coding\neteq\decoder_database.cc(297,1): error C1010: 在查找预编译头时遇到意外的文件结尾。是否忘记了向源中添加“#include "pch.h"”?
  packet.cc
E:\rtsp\MyPlayer\3rdparty\webrtc_jitter\modules\audio_coding\neteq\packet.cc(37,1): error C1010: 在查找预编译头时遇到意外的文件结尾。是否忘记了向源中添加“#include "pch.h"”?
  red_payload_splitter.cc
E:\rtsp\MyPlayer\3rdparty\webrtc_jitter\modules\audio_coding\neteq\red_payload_splitter.cc(172,1): error C1010: 在查找预编译头时遇到意外的文件结尾。是否忘记了向源中添加“#include "pch.h"”?
  adaptive_fir_filter.cc
E:\rtsp\MyPlayer\3rdparty\webrtc_jitter\modules\audio_processing\aec3\adaptive_fir_filter.cc(641,1): error C1010: 在查找预编译头时遇到意外的文件结尾。是否忘记了向源中添加“#include "pch.h"”?
  adaptive_fir_filter_unittest.cc
E:\rtsp\MyPlayer\3rdparty\webrtc_jitter\modules\audio_processing\aec3\adaptive_fir_filter_unittest.cc(412,1): error C1010: 在查找预编译头时遇到意外的文件结尾。是否忘记了向源中添加“#include "pch.h"”?
  aec3_common.cc
E:\rtsp\MyPlayer\3rdparty\webrtc_jitter\modules\audio_processing\aec3\aec3_common.cc(57,1): error C1010: 在查找预编译头时遇到意外的文件结尾。是否忘记了向源中添加“#include "pch.h"”?
  aec3_fft.cc
E:\rtsp\MyPlayer\3rdparty\webrtc_jitter\modules\audio_processing\aec3\aec3_fft.cc(134,1): error C1010: 在查找预编译头时遇到意外的文件结尾。是否忘记了向源中添加“#include "pch.h"”?
  aec3_fft_unittest.cc
E:\rtsp\MyPlayer\3rdparty\webrtc_jitter\modules\audio_processing\aec3\aec3_fft_unittest.cc(214,1): error C1010: 在查找预编译头时遇到意外的文件结尾。是否忘记了向源中添加“#include "pch.h"”?
  aec_state.cc
E:\rtsp\MyPlayer\3rdparty\webrtc_jitter\modules\audio_processing\aec3\aec_state.cc(544,1): error C1010: 在查找预编译头时遇到意外的文件结尾。是否忘记了向源中添加“#include "pch.h"”?
  aec_state_unittest.cc
E:\rtsp\MyPlayer\3rdparty\webrtc_jitter\modules\audio_processing\aec3\aec_state_unittest.cc(219,1): error C1010: 在查找预编译头时遇到意外的文件结尾。是否忘记了向源中添加“#include "pch.h"”?
  api_call_jitter_metrics.cc
E:\rtsp\MyPlayer\3rdparty\webrtc_jitter\modules\audio_processing\aec3\api_call_jitter_metrics.cc(122,1): error C1010: 在查找预编译头时遇到意外的文件结尾。是否忘记了向源中添加“#include "pch.h"”?
  api_call_jitter_metrics_unittest.cc
E:\rtsp\MyPlayer\3rdparty\webrtc_jitter\modules\audio_processing\aec3\api_call_jitter_metrics_unittest.cc(110,1): error C1010: 在查找预编译头时遇到意外的文件结尾。是否忘记了向源中添加“#include "pch.h"”?
  block_delay_buffer.cc
E:\rtsp\MyPlayer\3rdparty\webrtc_jitter\modules\audio_processing\aec3\block_delay_buffer.cc(48,1): error C1010: 在查找预编译头时遇到意外的文件结尾。是否忘记了向源中添加“#include "pch.h"”?
  正在生成代码...
  正在编译...
  block_delay_buffer_unittest.cc
E:\rtsp\MyPlayer\3rdparty\webrtc_jitter\modules\audio_processing\aec3\block_delay_buffer_unittest.cc(92,1): error C1010: 在查找预编译头时遇到意外的文件结尾。是否忘记了向源中添加“#include "pch.h"”?
  block_framer.cc
E:\rtsp\MyPlayer\3rdparty\webrtc_jitter\modules\audio_processing\aec3\block_framer.cc(61,1): error C1010: 在查找预编译头时遇到意外的文件结尾。是否忘记了向源中添加“#include "pch.h"”?
  block_framer_unittest.cc
E:\rtsp\MyPlayer\3rdparty\webrtc_jitter\modules\audio_processing\aec3\block_framer_unittest.cc(262,1): error C1010: 在查找预编译头时遇到意外的文件结尾。是否忘记了向源中添加“#include "pch.h"”?
  block_processor.cc
E:\rtsp\MyPlayer\3rdparty\webrtc_jitter\modules\audio_processing\aec3\block_processor.cc(260,1): error C1010: 在查找预编译头时遇到意外的文件结尾。是否忘记了向源中添加“#include "pch.h"”?
  block_processor_metrics.cc
E:\rtsp\MyPlayer\3rdparty\webrtc_jitter\modules\audio_processing\aec3\block_processor_metrics.cc(105,1): error C1010: 在查找预编译头时遇到意外的文件结尾。是否忘记了向源中添加“#include "pch.h"”?
  block_processor_metrics_unittest.cc
E:\rtsp\MyPlayer\3rdparty\webrtc_jitter\modules\audio_processing\aec3\block_processor_metrics_unittest.cc(35,1): error C1010: 在查找预编译头时遇到意外的文件结尾。是否忘记了向源中添加“#include "pch.h"”?
  block_processor_unittest.cc
E:\rtsp\MyPlayer\3rdparty\webrtc_jitter\modules\audio_processing\aec3\block_processor_unittest.cc(259,1): error C1010: 在查找预编译头时遇到意外的文件结尾。是否忘记了向源中添加“#include "pch.h"”?
  cascaded_biquad_filter.cc
E:\rtsp\MyPlayer\3rdparty\webrtc_jitter\modules\audio_processing\aec3\cascaded_biquad_filter.cc(108,1): error C1010: 在查找预编译头时遇到意外的文件结尾。是否忘记了向源中添加“#include "pch.h"”?
  cascaded_biquad_filter_unittest.cc
E:\rtsp\MyPlayer\3rdparty\webrtc_jitter\modules\audio_processing\aec3\cascaded_biquad_filter_unittest.cc(141,1): error C1010: 在查找预编译头时遇到意外的文件结尾。是否忘记了向源中添加“#include "pch.h"”?
  clockdrift_detector.cc
E:\rtsp\MyPlayer\3rdparty\webrtc_jitter\modules\audio_processing\aec3\clockdrift_detector.cc(62,1): error C1010: 在查找预编译头时遇到意外的文件结尾。是否忘记了向源中添加“#include "pch.h"”?
  clockdrift_detector_unittest.cc
E:\rtsp\MyPlayer\3rdparty\webrtc_jitter\modules\audio_processing\aec3\clockdrift_detector_unittest.cc(58,1): error C1010: 在查找预编译头时遇到意外的文件结尾。是否忘记了向源中添加“#include "pch.h"”?
  comfort_noise_generator.cc
E:\rtsp\MyPlayer\3rdparty\webrtc_jitter\modules\audio_processing\aec3\comfort_noise_generator.cc(163,1): error C1010: 在查找预编译头时遇到意外的文件结尾。是否忘记了向源中添加“#include "pch.h"”?
  comfort_noise_generator_unittest.cc
E:\rtsp\MyPlayer\3rdparty\webrtc_jitter\modules\audio_processing\aec3\comfort_noise_generator_unittest.cc(83,1): error C1010: 在查找预编译头时遇到意外的文件结尾。是否忘记了向源中添加“#include "pch.h"”?
  decimator.cc
E:\rtsp\MyPlayer\3rdparty\webrtc_jitter\modules\audio_processing\aec3\decimator.cc(92,1): error C1010: 在查找预编译头时遇到意外的文件结尾。是否忘记了向源中添加“#include "pch.h"”?
  decimator_unittest.cc
E:\rtsp\MyPlayer\3rdparty\webrtc_jitter\modules\audio_processing\aec3\decimator_unittest.cc(136,1): error C1010: 在查找预编译头时遇到意外的文件结尾。是否忘记了向源中添加“#include "pch.h"”?
  downsampled_render_buffer.cc
E:\rtsp\MyPlayer\3rdparty\webrtc_jitter\modules\audio_processing\aec3\downsampled_render_buffer.cc(26,1): error C1010: 在查找预编译头时遇到意外的文件结尾。是否忘记了向源中添加“#include "pch.h"”?
  echo_audibility.cc
E:\rtsp\MyPlayer\3rdparty\webrtc_jitter\modules\audio_processing\aec3\echo_audibility.cc(114,1): error C1010: 在查找预编译头时遇到意外的文件结尾。是否忘记了向源中添加“#include "pch.h"”?
  echo_canceller3.cc
E:\rtsp\MyPlayer\3rdparty\webrtc_jitter\modules\audio_processing\aec3\echo_canceller3.cc(400,1): error C1010: 在查找预编译头时遇到意外的文件结尾。是否忘记了向源中添加“#include "pch.h"”?
  echo_canceller3_unittest.cc
E:\rtsp\MyPlayer\3rdparty\webrtc_jitter\modules\audio_processing\aec3\echo_canceller3_unittest.cc(749,1): error C1010: 在查找预编译头时遇到意外的文件结尾。是否忘记了向源中添加“#include "pch.h"”?
  echo_path_delay_estimator.cc
E:\rtsp\MyPlayer\3rdparty\webrtc_jitter\modules\audio_processing\aec3\echo_path_delay_estimator.cc(122,1): error C1010: 在查找预编译头时遇到意外的文件结尾。是否忘记了向源中添加“#include "pch.h"”?
  正在生成代码...
  正在编译...
  echo_path_delay_estimator_unittest.cc
E:\rtsp\MyPlayer\3rdparty\webrtc_jitter\modules\audio_processing\aec3\echo_path_delay_estimator_unittest.cc(170,1): error C1010: 在查找预编译头时遇到意外的文件结尾。是否忘记了向源中添加“#include "pch.h"”?
  echo_path_variability.cc
E:\rtsp\MyPlayer\3rdparty\webrtc_jitter\modules\audio_processing\aec3\echo_path_variability.cc(23,1): error C1010: 在查找预编译头时遇到意外的文件结尾。是否忘记了向源中添加“#include "pch.h"”?
  echo_path_variability_unittest.cc
E:\rtsp\MyPlayer\3rdparty\webrtc_jitter\modules\audio_processing\aec3\echo_path_variability_unittest.cc(51,1): error C1010: 在查找预编译头时遇到意外的文件结尾。是否忘记了向源中添加“#include "pch.h"”?
  echo_remover.cc
E:\rtsp\MyPlayer\3rdparty\webrtc_jitter\modules\audio_processing\aec3\echo_remover.cc(389,1): error C1010: 在查找预编译头时遇到意外的文件结尾。是否忘记了向源中添加“#include "pch.h"”?
  echo_remover_metrics.cc
E:\rtsp\MyPlayer\3rdparty\webrtc_jitter\modules\audio_processing\aec3\echo_remover_metrics.cc(329,1): error C1010: 在查找预编译头时遇到意外的文件结尾。是否忘记了向源中添加“#include "pch.h"”?
  echo_remover_metrics_unittest.cc
E:\rtsp\MyPlayer\3rdparty\webrtc_jitter\modules\audio_processing\aec3\echo_remover_metrics_unittest.cc(157,1): error C1010: 在查找预编译头时遇到意外的文件结尾。是否忘记了向源中添加“#include "pch.h"”?
  echo_remover_unittest.cc
E:\rtsp\MyPlayer\3rdparty\webrtc_jitter\modules\audio_processing\aec3\echo_remover_unittest.cc(211,1): error C1010: 在查找预编译头时遇到意外的文件结尾。是否忘记了向源中添加“#include "pch.h"”?
  erle_estimator.cc
E:\rtsp\MyPlayer\3rdparty\webrtc_jitter\modules\audio_processing\aec3\erle_estimator.cc(79,1): error C1010: 在查找预编译头时遇到意外的文件结尾。是否忘记了向源中添加“#include "pch.h"”?
  erle_estimator_unittest.cc
E:\rtsp\MyPlayer\3rdparty\webrtc_jitter\modules\audio_processing\aec3\erle_estimator_unittest.cc(203,1): error C1010: 在查找预编译头时遇到意外的文件结尾。是否忘记了向源中添加“#include "pch.h"”?
  erl_estimator.cc
E:\rtsp\MyPlayer\3rdparty\webrtc_jitter\modules\audio_processing\aec3\erl_estimator.cc(99,1): error C1010: 在查找预编译头时遇到意外的文件结尾。是否忘记了向源中添加“#include "pch.h"”?
  erl_estimator_unittest.cc
E:\rtsp\MyPlayer\3rdparty\webrtc_jitter\modules\audio_processing\aec3\erl_estimator_unittest.cc(73,1): error C1010: 在查找预编译头时遇到意外的文件结尾。是否忘记了向源中添加“#include "pch.h"”?
  fft_buffer.cc
E:\rtsp\MyPlayer\3rdparty\webrtc_jitter\modules\audio_processing\aec3\fft_buffer.cc(24,1): error C1010: 在查找预编译头时遇到意外的文件结尾。是否忘记了向源中添加“#include "pch.h"”?
  fft_data_unittest.cc
E:\rtsp\MyPlayer\3rdparty\webrtc_jitter\modules\audio_processing\aec3\fft_data_unittest.cc(164,1): error C1010: 在查找预编译头时遇到意外的文件结尾。是否忘记了向源中添加“#include "pch.h"”?
  filter_analyzer.cc
E:\rtsp\MyPlayer\3rdparty\webrtc_jitter\modules\audio_processing\aec3\filter_analyzer.cc(232,1): error C1010: 在查找预编译头时遇到意外的文件结尾。是否忘记了向源中添加“#include "pch.h"”?
  filter_analyzer_unittest.cc
E:\rtsp\MyPlayer\3rdparty\webrtc_jitter\modules\audio_processing\aec3\filter_analyzer_unittest.cc(32,1): error C1010: 在查找预编译头时遇到意外的文件结尾。是否忘记了向源中添加“#include "pch.h"”?
  frame_blocker.cc
E:\rtsp\MyPlayer\3rdparty\webrtc_jitter\modules\audio_processing\aec3\frame_blocker.cc(71,1): error C1010: 在查找预编译头时遇到意外的文件结尾。是否忘记了向源中添加“#include "pch.h"”?
  frame_blocker_unittest.cc
E:\rtsp\MyPlayer\3rdparty\webrtc_jitter\modules\audio_processing\aec3\frame_blocker_unittest.cc(342,1): error C1010: 在查找预编译头时遇到意外的文件结尾。是否忘记了向源中添加“#include "pch.h"”?
  fullband_erle_estimator.cc
E:\rtsp\MyPlayer\3rdparty\webrtc_jitter\modules\audio_processing\aec3\fullband_erle_estimator.cc(170,1): error C1010: 在查找预编译头时遇到意外的文件结尾。是否忘记了向源中添加“#include "pch.h"”?
  main_filter_update_gain.cc
E:\rtsp\MyPlayer\3rdparty\webrtc_jitter\modules\audio_processing\aec3\main_filter_update_gain.cc(178,1): error C1010: 在查找预编译头时遇到意外的文件结尾。是否忘记了向源中添加“#include "pch.h"”?
  main_filter_update_gain_unittest.cc
E:\rtsp\MyPlayer\3rdparty\webrtc_jitter\modules\audio_processing\aec3\main_filter_update_gain_unittest.cc(351,1): error C1010: 在查找预编译头时遇到意外的文件结尾。是否忘记了向源中添加“#include "pch.h"”?
  正在生成代码...
  正在编译...
  matched_filter.cc
E:\rtsp\MyPlayer\3rdparty\webrtc_jitter\modules\audio_processing\aec3\matched_filter.cc(439,1): error C1010: 在查找预编译头时遇到意外的文件结尾。是否忘记了向源中添加“#include "pch.h"”?
  matched_filter_lag_aggregator.cc
E:\rtsp\MyPlayer\3rdparty\webrtc_jitter\modules\audio_processing\aec3\matched_filter_lag_aggregator.cc(98,1): error C1010: 在查找预编译头时遇到意外的文件结尾。是否忘记了向源中添加“#include "pch.h"”?
  matched_filter_lag_aggregator_unittest.cc
E:\rtsp\MyPlayer\3rdparty\webrtc_jitter\modules\audio_processing\aec3\matched_filter_lag_aggregator_unittest.cc(157,1): error C1010: 在查找预编译头时遇到意外的文件结尾。是否忘记了向源中添加“#include "pch.h"”?
  matched_filter_unittest.cc
E:\rtsp\MyPlayer\3rdparty\webrtc_jitter\modules\audio_processing\aec3\matched_filter_unittest.cc(404,1): error C1010: 在查找预编译头时遇到意外的文件结尾。是否忘记了向源中添加“#include "pch.h"”?
  matrix_buffer.cc
E:\rtsp\MyPlayer\3rdparty\webrtc_jitter\modules\audio_processing\aec3\matrix_buffer.cc(32,1): error C1010: 在查找预编译头时遇到意外的文件结尾。是否忘记了向源中添加“#include "pch.h"”?
  mock_block_processor.cc
E:\rtsp\MyPlayer\3rdparty\webrtc_jitter\modules\audio_processing\aec3\mock\mock_block_processor.cc(21,1): error C1010: 在查找预编译头时遇到意外的文件结尾。是否忘记了向源中添加“#include "pch.h"”?
  mock_echo_remover.cc
E:\rtsp\MyPlayer\3rdparty\webrtc_jitter\modules\audio_processing\aec3\mock\mock_echo_remover.cc(21,1): error C1010: 在查找预编译头时遇到意外的文件结尾。是否忘记了向源中添加“#include "pch.h"”?
  mock_render_delay_buffer.cc
E:\rtsp\MyPlayer\3rdparty\webrtc_jitter\modules\audio_processing\aec3\mock\mock_render_delay_buffer.cc(36,1): error C1010: 在查找预编译头时遇到意外的文件结尾。是否忘记了向源中添加“#include "pch.h"”?
  mock_render_delay_controller.cc
E:\rtsp\MyPlayer\3rdparty\webrtc_jitter\modules\audio_processing\aec3\mock\mock_render_delay_controller.cc(21,1): error C1010: 在查找预编译头时遇到意外的文件结尾。是否忘记了向源中添加“#include "pch.h"”?
  moving_average.cc
E:\rtsp\MyPlayer\3rdparty\webrtc_jitter\modules\audio_processing\aec3\moving_average.cc(61,1): error C1010: 在查找预编译头时遇到意外的文件结尾。是否忘记了向源中添加“#include "pch.h"”?
  moving_average_unittest.cc
E:\rtsp\MyPlayer\3rdparty\webrtc_jitter\modules\audio_processing\aec3\moving_average_unittest.cc(90,1): error C1010: 在查找预编译头时遇到意外的文件结尾。是否忘记了向源中添加“#include "pch.h"”?
  render_buffer.cc
E:\rtsp\MyPlayer\3rdparty\webrtc_jitter\modules\audio_processing\aec3\render_buffer.cc(76,1): error C1010: 在查找预编译头时遇到意外的文件结尾。是否忘记了向源中添加“#include "pch.h"”?
  render_buffer_unittest.cc
E:\rtsp\MyPlayer\3rdparty\webrtc_jitter\modules\audio_processing\aec3\render_buffer_unittest.cc(47,1): error C1010: 在查找预编译头时遇到意外的文件结尾。是否忘记了向源中添加“#include "pch.h"”?
  render_delay_buffer.cc
E:\rtsp\MyPlayer\3rdparty\webrtc_jitter\modules\audio_processing\aec3\render_delay_buffer.cc(440,1): error C1010: 在查找预编译头时遇到意外的文件结尾。是否忘记了向源中添加“#include "pch.h"”?
  render_delay_buffer_unittest.cc
E:\rtsp\MyPlayer\3rdparty\webrtc_jitter\modules\audio_processing\aec3\render_delay_buffer_unittest.cc(127,1): error C1010: 在查找预编译头时遇到意外的文件结尾。是否忘记了向源中添加“#include "pch.h"”?
  render_delay_controller.cc
E:\rtsp\MyPlayer\3rdparty\webrtc_jitter\modules\audio_processing\aec3\render_delay_controller.cc(189,1): error C1010: 在查找预编译头时遇到意外的文件结尾。是否忘记了向源中添加“#include "pch.h"”?
  render_delay_controller_metrics.cc
E:\rtsp\MyPlayer\3rdparty\webrtc_jitter\modules\audio_processing\aec3\render_delay_controller_metrics.cc(146,1): error C1010: 在查找预编译头时遇到意外的文件结尾。是否忘记了向源中添加“#include "pch.h"”?
  render_delay_controller_metrics_unittest.cc
E:\rtsp\MyPlayer\3rdparty\webrtc_jitter\modules\audio_processing\aec3\render_delay_controller_metrics_unittest.cc(36,1): error C1010: 在查找预编译头时遇到意外的文件结尾。是否忘记了向源中添加“#include "pch.h"”?
  render_delay_controller_unittest.cc
E:\rtsp\MyPlayer\3rdparty\webrtc_jitter\modules\audio_processing\aec3\render_delay_controller_unittest.cc(312,1): error C1010: 在查找预编译头时遇到意外的文件结尾。是否忘记了向源中添加“#include "pch.h"”?
  render_reverb_model.cc
E:\rtsp\MyPlayer\3rdparty\webrtc_jitter\modules\audio_processing\aec3\render_reverb_model.cc(45,1): error C1010: 在查找预编译头时遇到意外的文件结尾。是否忘记了向源中添加“#include "pch.h"”?
  正在生成代码...
  正在编译...
  render_signal_analyzer.cc
E:\rtsp\MyPlayer\3rdparty\webrtc_jitter\modules\audio_processing\aec3\render_signal_analyzer.cc(134,1): error C1010: 在查找预编译头时遇到意外的文件结尾。是否忘记了向源中添加“#include "pch.h"”?
  render_signal_analyzer_unittest.cc
E:\rtsp\MyPlayer\3rdparty\webrtc_jitter\modules\audio_processing\aec3\render_signal_analyzer_unittest.cc(137,1): error C1010: 在查找预编译头时遇到意外的文件结尾。是否忘记了向源中添加“#include "pch.h"”?
  residual_echo_estimator.cc
E:\rtsp\MyPlayer\3rdparty\webrtc_jitter\modules\audio_processing\aec3\residual_echo_estimator.cc(250,1): error C1010: 在查找预编译头时遇到意外的文件结尾。是否忘记了向源中添加“#include "pch.h"”?
  residual_echo_estimator_unittest.cc
E:\rtsp\MyPlayer\3rdparty\webrtc_jitter\modules\audio_processing\aec3\residual_echo_estimator_unittest.cc(110,1): error C1010: 在查找预编译头时遇到意外的文件结尾。是否忘记了向源中添加“#include "pch.h"”?
  reverb_decay_estimator.cc
E:\rtsp\MyPlayer\3rdparty\webrtc_jitter\modules\audio_processing\aec3\reverb_decay_estimator.cc(410,1): error C1010: 在查找预编译头时遇到意外的文件结尾。是否忘记了向源中添加“#include "pch.h"”?
  reverb_frequency_response.cc
E:\rtsp\MyPlayer\3rdparty\webrtc_jitter\modules\audio_processing\aec3\reverb_frequency_response.cc(99,1): error C1010: 在查找预编译头时遇到意外的文件结尾。是否忘记了向源中添加“#include "pch.h"”?
  reverb_model.cc
E:\rtsp\MyPlayer\3rdparty\webrtc_jitter\modules\audio_processing\aec3\reverb_model.cc(87,1): error C1010: 在查找预编译头时遇到意外的文件结尾。是否忘记了向源中添加“#include "pch.h"”?
  reverb_model_estimator.cc
E:\rtsp\MyPlayer\3rdparty\webrtc_jitter\modules\audio_processing\aec3\reverb_model_estimator.cc(38,1): error C1010: 在查找预编译头时遇到意外的文件结尾。是否忘记了向源中添加“#include "pch.h"”?
  reverb_model_estimator_unittest.cc
E:\rtsp\MyPlayer\3rdparty\webrtc_jitter\modules\audio_processing\aec3\reverb_model_estimator_unittest.cc(115,1): error C1010: 在查找预编译头时遇到意外的文件结尾。是否忘记了向源中添加“#include "pch.h"”?
  reverb_model_fallback.cc
E:\rtsp\MyPlayer\3rdparty\webrtc_jitter\modules\audio_processing\aec3\reverb_model_fallback.cc(71,1): error C1010: 在查找预编译头时遇到意外的文件结尾。是否忘记了向源中添加“#include "pch.h"”?
  shadow_filter_update_gain.cc
E:\rtsp\MyPlayer\3rdparty\webrtc_jitter\modules\audio_processing\aec3\shadow_filter_update_gain.cc(102,1): error C1010: 在查找预编译头时遇到意外的文件结尾。是否忘记了向源中添加“#include "pch.h"”?
  shadow_filter_update_gain_unittest.cc
E:\rtsp\MyPlayer\3rdparty\webrtc_jitter\modules\audio_processing\aec3\shadow_filter_update_gain_unittest.cc(240,1): error C1010: 在查找预编译头时遇到意外的文件结尾。是否忘记了向源中添加“#include "pch.h"”?
  signal_dependent_erle_estimator.cc
E:\rtsp\MyPlayer\3rdparty\webrtc_jitter\modules\audio_processing\aec3\signal_dependent_erle_estimator.cc(370,1): error C1010: 在查找预编译头时遇到意外的文件结尾。是否忘记了向源中添加“#include "pch.h"”?
  signal_dependent_erle_estimator_unittest.cc
E:\rtsp\MyPlayer\3rdparty\webrtc_jitter\modules\audio_processing\aec3\signal_dependent_erle_estimator_unittest.cc(156,1): error C1010: 在查找预编译头时遇到意外的文件结尾。是否忘记了向源中添加“#include "pch.h"”?
  stationarity_estimator.cc
E:\rtsp\MyPlayer\3rdparty\webrtc_jitter\modules\audio_processing\aec3\stationarity_estimator.cc(216,1): error C1010: 在查找预编译头时遇到意外的文件结尾。是否忘记了向源中添加“#include "pch.h"”?
  subband_erle_estimator.cc
E:\rtsp\MyPlayer\3rdparty\webrtc_jitter\modules\audio_processing\aec3\subband_erle_estimator.cc(176,1): error C1010: 在查找预编译头时遇到意外的文件结尾。是否忘记了向源中添加“#include "pch.h"”?
  subtractor.cc
E:\rtsp\MyPlayer\3rdparty\webrtc_jitter\modules\audio_processing\aec3\subtractor.cc(272,1): error C1010: 在查找预编译头时遇到意外的文件结尾。是否忘记了向源中添加“#include "pch.h"”?
  subtractor_output.cc
E:\rtsp\MyPlayer\3rdparty\webrtc_jitter\modules\audio_processing\aec3\subtractor_output.cc(56,1): error C1010: 在查找预编译头时遇到意外的文件结尾。是否忘记了向源中添加“#include "pch.h"”?
  subtractor_output_analyzer.cc
E:\rtsp\MyPlayer\3rdparty\webrtc_jitter\modules\audio_processing\aec3\subtractor_output_analyzer.cc(42,1): error C1010: 在查找预编译头时遇到意外的文件结尾。是否忘记了向源中添加“#include "pch.h"”?
  subtractor_unittest.cc
E:\rtsp\MyPlayer\3rdparty\webrtc_jitter\modules\audio_processing\aec3\subtractor_unittest.cc(213,1): error C1010: 在查找预编译头时遇到意外的文件结尾。是否忘记了向源中添加“#include "pch.h"”?
  正在生成代码...
  正在编译...
  suppression_filter.cc
E:\rtsp\MyPlayer\3rdparty\webrtc_jitter\modules\audio_processing\aec3\suppression_filter.cc(169,1): error C1010: 在查找预编译头时遇到意外的文件结尾。是否忘记了向源中添加“#include "pch.h"”?
  suppression_filter_unittest.cc
E:\rtsp\MyPlayer\3rdparty\webrtc_jitter\modules\audio_processing\aec3\suppression_filter_unittest.cc(214,1): error C1010: 在查找预编译头时遇到意外的文件结尾。是否忘记了向源中添加“#include "pch.h"”?
  suppression_gain.cc
E:\rtsp\MyPlayer\3rdparty\webrtc_jitter\modules\audio_processing\aec3\suppression_gain.cc(461,1): error C1010: 在查找预编译头时遇到意外的文件结尾。是否忘记了向源中添加“#include "pch.h"”?
  suppression_gain_unittest.cc
E:\rtsp\MyPlayer\3rdparty\webrtc_jitter\modules\audio_processing\aec3\suppression_gain_unittest.cc(141,1): error C1010: 在查找预编译头时遇到意外的文件结尾。是否忘记了向源中添加“#include "pch.h"”?
  vector_buffer.cc
E:\rtsp\MyPlayer\3rdparty\webrtc_jitter\modules\audio_processing\aec3\vector_buffer.cc(28,1): error C1010: 在查找预编译头时遇到意外的文件结尾。是否忘记了向源中添加“#include "pch.h"”?
  vector_math_unittest.cc
E:\rtsp\MyPlayer\3rdparty\webrtc_jitter\modules\audio_processing\aec3\vector_math_unittest.cc(147,1): error C1010: 在查找预编译头时遇到意外的文件结尾。是否忘记了向源中添加“#include "pch.h"”?
  aecm_core.cc
E:\rtsp\MyPlayer\3rdparty\webrtc_jitter\modules\audio_processing\aecm\aecm_core.cc(1116,1): error C1010: 在查找预编译头时遇到意外的文件结尾。是否忘记了向源中添加“#include "pch.h"”?
  aecm_core_c.cc
E:\rtsp\MyPlayer\3rdparty\webrtc_jitter\modules\audio_processing\aecm\aecm_core_c.cc(669,1): error C1010: 在查找预编译头时遇到意外的文件结尾。是否忘记了向源中添加“#include "pch.h"”?
  aecm_core_mips.cc
E:\rtsp\MyPlayer\3rdparty\webrtc_jitter\modules\audio_processing\aecm\aecm_core_mips.cc(1649,1): error C1010: 在查找预编译头时遇到意外的文件结尾。是否忘记了向源中添加“#include "pch.h"”?
  aecm_core_neon.cc
E:\rtsp\MyPlayer\3rdparty\webrtc_jitter\modules\audio_processing\aecm\aecm_core_neon.cc(199,1): error C1010: 在查找预编译头时遇到意外的文件结尾。是否忘记了向源中添加“#include "pch.h"”?
  echo_control_mobile.cc
E:\rtsp\MyPlayer\3rdparty\webrtc_jitter\modules\audio_processing\aecm\echo_control_mobile.cc(593,1): error C1010: 在查找预编译头时遇到意外的文件结尾。是否忘记了向源中添加“#include "pch.h"”?
  aec_core.cc
E:\rtsp\MyPlayer\3rdparty\webrtc_jitter\modules\audio_processing\aec\aec_core.cc(2013,1): error C1010: 在查找预编译头时遇到意外的文件结尾。是否忘记了向源中添加“#include "pch.h"”?
  aec_core_mips.cc
E:\rtsp\MyPlayer\3rdparty\webrtc_jitter\modules\audio_processing\aec\aec_core_mips.cc(486,1): error C1010: 在查找预编译头时遇到意外的文件结尾。是否忘记了向源中添加“#include "pch.h"”?
  aec_core_neon.cc
E:\rtsp\MyPlayer\3rdparty\webrtc_jitter\modules\audio_processing\aec\aec_core_neon.cc(737,1): error C1010: 在查找预编译头时遇到意外的文件结尾。是否忘记了向源中添加“#include "pch.h"”?
  aec_core_sse2.cc
E:\rtsp\MyPlayer\3rdparty\webrtc_jitter\modules\audio_processing\aec\aec_core_sse2.cc(750,1): error C1010: 在查找预编译头时遇到意外的文件结尾。是否忘记了向源中添加“#include "pch.h"”?
  aec_resampler.cc
E:\rtsp\MyPlayer\3rdparty\webrtc_jitter\modules\audio_processing\aec\aec_resampler.cc(207,1): error C1010: 在查找预编译头时遇到意外的文件结尾。是否忘记了向源中添加“#include "pch.h"”?
  echo_cancellation.cc
E:\rtsp\MyPlayer\3rdparty\webrtc_jitter\modules\audio_processing\aec\echo_cancellation.cc(865,1): error C1010: 在查找预编译头时遇到意外的文件结尾。是否忘记了向源中添加“#include "pch.h"”?
  echo_cancellation_unittest.cc
E:\rtsp\MyPlayer\3rdparty\webrtc_jitter\modules\audio_processing\aec\echo_cancellation_unittest.cc(46,1): error C1010: 在查找预编译头时遇到意外的文件结尾。是否忘记了向源中添加“#include "pch.h"”?
  system_delay_unittest.cc
E:\rtsp\MyPlayer\3rdparty\webrtc_jitter\modules\audio_processing\aec\system_delay_unittest.cc(588,1): error C1010: 在查找预编译头时遇到意外的文件结尾。是否忘记了向源中添加“#include "pch.h"”?
  aec_dump_impl.cc
E:\rtsp\MyPlayer\3rdparty\webrtc_jitter\modules\audio_processing\aec_dump\aec_dump_impl.cc(244,1): error C1010: 在查找预编译头时遇到意外的文件结尾。是否忘记了向源中添加“#include "pch.h"”?
  正在生成代码...
  正在编译...
  aec_dump_integration_test.cc
E:\rtsp\MyPlayer\3rdparty\webrtc_jitter\modules\audio_processing\aec_dump\aec_dump_integration_test.cc(92,1): error C1010: 在查找预编译头时遇到意外的文件结尾。是否忘记了向源中添加“#include "pch.h"”?
  aec_dump_unittest.cc
E:\rtsp\MyPlayer\3rdparty\webrtc_jitter\modules\audio_processing\aec_dump\aec_dump_unittest.cc(71,1): error C1010: 在查找预编译头时遇到意外的文件结尾。是否忘记了向源中添加“#include "pch.h"”?
  capture_stream_info.cc
E:\rtsp\MyPlayer\3rdparty\webrtc_jitter\modules\audio_processing\aec_dump\capture_stream_info.cc(70,1): error C1010: 在查找预编译头时遇到意外的文件结尾。是否忘记了向源中添加“#include "pch.h"”?
  mock_aec_dump.cc
E:\rtsp\MyPlayer\3rdparty\webrtc_jitter\modules\audio_processing\aec_dump\mock_aec_dump.cc(20,1): error C1010: 在查找预编译头时遇到意外的文件结尾。是否忘记了向源中添加“#include "pch.h"”?
  null_aec_dump_factory.cc
E:\rtsp\MyPlayer\3rdparty\webrtc_jitter\modules\audio_processing\aec_dump\null_aec_dump_factory.cc(34,1): error C1010: 在查找预编译头时遇到意外的文件结尾。是否忘记了向源中添加“#include "pch.h"”?
  write_to_file_task.cc
E:\rtsp\MyPlayer\3rdparty\webrtc_jitter\modules\audio_processing\aec_dump\write_to_file_task.cc(67,1): error C1010: 在查找预编译头时遇到意外的文件结尾。是否忘记了向源中添加“#include "pch.h"”?
  adaptive_agc.cc
E:\rtsp\MyPlayer\3rdparty\webrtc_jitter\modules\audio_processing\agc2\adaptive_agc.cc(82,1): error C1010: 在查找预编译头时遇到意外的文件结尾。是否忘记了向源中添加“#include "pch.h"”?
  adaptive_digital_gain_applier.cc
E:\rtsp\MyPlayer\3rdparty\webrtc_jitter\modules\audio_processing\agc2\adaptive_digital_gain_applier.cc(147,1): error C1010: 在查找预编译头时遇到意外的文件结尾。是否忘记了向源中添加“#include "pch.h"”?
  adaptive_digital_gain_applier_unittest.cc
E:\rtsp\MyPlayer\3rdparty\webrtc_jitter\modules\audio_processing\agc2\adaptive_digital_gain_applier_unittest.cc(244,1): error C1010: 在查找预编译头时遇到意外的文件结尾。是否忘记了向源中添加“#include "pch.h"”?
  adaptive_mode_level_estimator.cc
E:\rtsp\MyPlayer\3rdparty\webrtc_jitter\modules\audio_processing\agc2\adaptive_mode_level_estimator.cc(110,1): error C1010: 在查找预编译头时遇到意外的文件结尾。是否忘记了向源中添加“#include "pch.h"”?
  adaptive_mode_level_estimator_agc.cc
E:\rtsp\MyPlayer\3rdparty\webrtc_jitter\modules\audio_processing\agc2\adaptive_mode_level_estimator_agc.cc(66,1): error C1010: 在查找预编译头时遇到意外的文件结尾。是否忘记了向源中添加“#include "pch.h"”?
  adaptive_mode_level_estimator_unittest.cc
E:\rtsp\MyPlayer\3rdparty\webrtc_jitter\modules\audio_processing\agc2\adaptive_mode_level_estimator_unittest.cc(156,1): error C1010: 在查找预编译头时遇到意外的文件结尾。是否忘记了向源中添加“#include "pch.h"”?
  agc2_common.cc
E:\rtsp\MyPlayer\3rdparty\webrtc_jitter\modules\audio_processing\agc2\agc2_common.cc(59,1): error C1010: 在查找预编译头时遇到意外的文件结尾。是否忘记了向源中添加“#include "pch.h"”?
  agc2_testing_common.cc
E:\rtsp\MyPlayer\3rdparty\webrtc_jitter\modules\audio_processing\agc2\agc2_testing_common.cc(34,1): error C1010: 在查找预编译头时遇到意外的文件结尾。是否忘记了向源中添加“#include "pch.h"”?
  agc2_testing_common_unittest.cc
E:\rtsp\MyPlayer\3rdparty\webrtc_jitter\modules\audio_processing\agc2\agc2_testing_common_unittest.cc(28,1): error C1010: 在查找预编译头时遇到意外的文件结尾。是否忘记了向源中添加“#include "pch.h"”?
  biquad_filter.cc
E:\rtsp\MyPlayer\3rdparty\webrtc_jitter\modules\audio_processing\agc2\biquad_filter.cc(37,1): error C1010: 在查找预编译头时遇到意外的文件结尾。是否忘记了向源中添加“#include "pch.h"”?
  biquad_filter_unittest.cc
E:\rtsp\MyPlayer\3rdparty\webrtc_jitter\modules\audio_processing\agc2\biquad_filter_unittest.cc(137,1): error C1010: 在查找预编译头时遇到意外的文件结尾。是否忘记了向源中添加“#include "pch.h"”?
  compute_interpolated_gain_curve.cc
E:\rtsp\MyPlayer\3rdparty\webrtc_jitter\modules\audio_processing\agc2\compute_interpolated_gain_curve.cc(230,1): error C1010: 在查找预编译头时遇到意外的文件结尾。是否忘记了向源中添加“#include "pch.h"”?
  down_sampler.cc
E:\rtsp\MyPlayer\3rdparty\webrtc_jitter\modules\audio_processing\agc2\down_sampler.cc(100,1): error C1010: 在查找预编译头时遇到意外的文件结尾。是否忘记了向源中添加“#include "pch.h"”?
  fixed_digital_level_estimator.cc
E:\rtsp\MyPlayer\3rdparty\webrtc_jitter\modules\audio_processing\agc2\fixed_digital_level_estimator.cc(113,1): error C1010: 在查找预编译头时遇到意外的文件结尾。是否忘记了向源中添加“#include "pch.h"”?
  正在生成代码...
  正在编译...
  fixed_digital_level_estimator_unittest.cc
E:\rtsp\MyPlayer\3rdparty\webrtc_jitter\modules\audio_processing\agc2\fixed_digital_level_estimator_unittest.cc(159,1): error C1010: 在查找预编译头时遇到意外的文件结尾。是否忘记了向源中添加“#include "pch.h"”?
  fixed_gain_controller.cc
E:\rtsp\MyPlayer\3rdparty\webrtc_jitter\modules\audio_processing\agc2\fixed_gain_controller.cc(102,1): error C1010: 在查找预编译头时遇到意外的文件结尾。是否忘记了向源中添加“#include "pch.h"”?
  gain_applier.cc
E:\rtsp\MyPlayer\3rdparty\webrtc_jitter\modules\audio_processing\agc2\gain_applier.cc(103,1): error C1010: 在查找预编译头时遇到意外的文件结尾。是否忘记了向源中添加“#include "pch.h"”?
  gain_applier_unittest.cc
E:\rtsp\MyPlayer\3rdparty\webrtc_jitter\modules\audio_processing\agc2\gain_applier_unittest.cc(94,1): error C1010: 在查找预编译头时遇到意外的文件结尾。是否忘记了向源中添加“#include "pch.h"”?
  interpolated_gain_curve.cc
E:\rtsp\MyPlayer\3rdparty\webrtc_jitter\modules\audio_processing\agc2\interpolated_gain_curve.cc(196,1): error C1010: 在查找预编译头时遇到意外的文件结尾。是否忘记了向源中添加“#include "pch.h"”?
  interpolated_gain_curve_unittest.cc
E:\rtsp\MyPlayer\3rdparty\webrtc_jitter\modules\audio_processing\agc2\interpolated_gain_curve_unittest.cc(206,1): error C1010: 在查找预编译头时遇到意外的文件结尾。是否忘记了向源中添加“#include "pch.h"”?
  limiter.cc
E:\rtsp\MyPlayer\3rdparty\webrtc_jitter\modules\audio_processing\agc2\limiter.cc(151,1): error C1010: 在查找预编译头时遇到意外的文件结尾。是否忘记了向源中添加“#include "pch.h"”?
  limiter_db_gain_curve.cc
E:\rtsp\MyPlayer\3rdparty\webrtc_jitter\modules\audio_processing\agc2\limiter_db_gain_curve.cc(139,1): error C1010: 在查找预编译头时遇到意外的文件结尾。是否忘记了向源中添加“#include "pch.h"”?
  limiter_db_gain_curve_unittest.cc
E:\rtsp\MyPlayer\3rdparty\webrtc_jitter\modules\audio_processing\agc2\limiter_db_gain_curve_unittest.cc(61,1): error C1010: 在查找预编译头时遇到意外的文件结尾。是否忘记了向源中添加“#include "pch.h"”?
  limiter_unittest.cc
E:\rtsp\MyPlayer\3rdparty\webrtc_jitter\modules\audio_processing\agc2\limiter_unittest.cc(61,1): error C1010: 在查找预编译头时遇到意外的文件结尾。是否忘记了向源中添加“#include "pch.h"”?
  noise_level_estimator.cc
E:\rtsp\MyPlayer\3rdparty\webrtc_jitter\modules\audio_processing\agc2\noise_level_estimator.cc(115,1): error C1010: 在查找预编译头时遇到意外的文件结尾。是否忘记了向源中添加“#include "pch.h"”?
  noise_level_estimator_unittest.cc
E:\rtsp\MyPlayer\3rdparty\webrtc_jitter\modules\audio_processing\agc2\noise_level_estimator_unittest.cc(84,1): error C1010: 在查找预编译头时遇到意外的文件结尾。是否忘记了向源中添加“#include "pch.h"”?
  noise_spectrum_estimator.cc
E:\rtsp\MyPlayer\3rdparty\webrtc_jitter\modules\audio_processing\agc2\noise_spectrum_estimator.cc(71,1): error C1010: 在查找预编译头时遇到意外的文件结尾。是否忘记了向源中添加“#include "pch.h"”?
  auto_correlation.cc
E:\rtsp\MyPlayer\3rdparty\webrtc_jitter\modules\audio_processing\agc2\rnn_vad\auto_correlation.cc(93,1): error C1010: 在查找预编译头时遇到意外的文件结尾。是否忘记了向源中添加“#include "pch.h"”?
  auto_correlation_unittest.cc
E:\rtsp\MyPlayer\3rdparty\webrtc_jitter\modules\audio_processing\agc2\rnn_vad\auto_correlation_unittest.cc(67,1): error C1010: 在查找预编译头时遇到意外的文件结尾。是否忘记了向源中添加“#include "pch.h"”?
  features_extraction.cc
E:\rtsp\MyPlayer\3rdparty\webrtc_jitter\modules\audio_processing\agc2\rnn_vad\features_extraction.cc(91,1): error C1010: 在查找预编译头时遇到意外的文件结尾。是否忘记了向源中添加“#include "pch.h"”?
  features_extraction_unittest.cc
E:\rtsp\MyPlayer\3rdparty\webrtc_jitter\modules\audio_processing\agc2\rnn_vad\features_extraction_unittest.cc(105,1): error C1010: 在查找预编译头时遇到意外的文件结尾。是否忘记了向源中添加“#include "pch.h"”?
  lp_residual.cc
E:\rtsp\MyPlayer\3rdparty\webrtc_jitter\modules\audio_processing\agc2\rnn_vad\lp_residual.cc(139,1): error C1010: 在查找预编译头时遇到意外的文件结尾。是否忘记了向源中添加“#include "pch.h"”?
  lp_residual_unittest.cc
E:\rtsp\MyPlayer\3rdparty\webrtc_jitter\modules\audio_processing\agc2\rnn_vad\lp_residual_unittest.cc(88,1): error C1010: 在查找预编译头时遇到意外的文件结尾。是否忘记了向源中添加“#include "pch.h"”?
  pitch_search.cc
E:\rtsp\MyPlayer\3rdparty\webrtc_jitter\modules\audio_processing\agc2\rnn_vad\pitch_search.cc(57,1): error C1010: 在查找预编译头时遇到意外的文件结尾。是否忘记了向源中添加“#include "pch.h"”?
  正在生成代码...
  正在编译...
  pitch_search_internal.cc
E:\rtsp\MyPlayer\3rdparty\webrtc_jitter\modules\audio_processing\agc2\rnn_vad\pitch_search_internal.cc(404,1): error C1010: 在查找预编译头时遇到意外的文件结尾。是否忘记了向源中添加“#include "pch.h"”?
  pitch_search_internal_unittest.cc
E:\rtsp\MyPlayer\3rdparty\webrtc_jitter\modules\audio_processing\agc2\rnn_vad\pitch_search_internal_unittest.cc(212,1): error C1010: 在查找预编译头时遇到意外的文件结尾。是否忘记了向源中添加“#include "pch.h"”?
  pitch_search_unittest.cc
E:\rtsp\MyPlayer\3rdparty\webrtc_jitter\modules\audio_processing\agc2\rnn_vad\pitch_search_unittest.cc(55,1): error C1010: 在查找预编译头时遇到意外的文件结尾。是否忘记了向源中添加“#include "pch.h"”?
  ring_buffer_unittest.cc
E:\rtsp\MyPlayer\3rdparty\webrtc_jitter\modules\audio_processing\agc2\rnn_vad\ring_buffer_unittest.cc(116,1): error C1010: 在查找预编译头时遇到意外的文件结尾。是否忘记了向源中添加“#include "pch.h"”?
  rnn.cc
E:\rtsp\MyPlayer\3rdparty\webrtc_jitter\modules\audio_processing\agc2\rnn_vad\rnn.cc(233,1): error C1010: 在查找预编译头时遇到意外的文件结尾。是否忘记了向源中添加“#include "pch.h"”?
  rnn_unittest.cc
E:\rtsp\MyPlayer\3rdparty\webrtc_jitter\modules\audio_processing\agc2\rnn_vad\rnn_unittest.cc(147,1): error C1010: 在查找预编译头时遇到意外的文件结尾。是否忘记了向源中添加“#include "pch.h"”?
  rnn_vad_tool.cc
E:\rtsp\MyPlayer\3rdparty\webrtc_jitter\modules\audio_processing\agc2\rnn_vad\rnn_vad_tool.cc(121,1): error C1010: 在查找预编译头时遇到意外的文件结尾。是否忘记了向源中添加“#include "pch.h"”?
  rnn_vad_unittest.cc
E:\rtsp\MyPlayer\3rdparty\webrtc_jitter\modules\audio_processing\agc2\rnn_vad\rnn_vad_unittest.cc(158,1): error C1010: 在查找预编译头时遇到意外的文件结尾。是否忘记了向源中添加“#include "pch.h"”?
  sequence_buffer_unittest.cc
E:\rtsp\MyPlayer\3rdparty\webrtc_jitter\modules\audio_processing\agc2\rnn_vad\sequence_buffer_unittest.cc(106,1): error C1010: 在查找预编译头时遇到意外的文件结尾。是否忘记了向源中添加“#include "pch.h"”?
  spectral_features.cc
E:\rtsp\MyPlayer\3rdparty\webrtc_jitter\modules\audio_processing\agc2\rnn_vad\spectral_features.cc(214,1): error C1010: 在查找预编译头时遇到意外的文件结尾。是否忘记了向源中添加“#include "pch.h"”?
  spectral_features_internal.cc
E:\rtsp\MyPlayer\3rdparty\webrtc_jitter\modules\audio_processing\agc2\rnn_vad\spectral_features_internal.cc(188,1): error C1010: 在查找预编译头时遇到意外的文件结尾。是否忘记了向源中添加“#include "pch.h"”?
  spectral_features_internal_unittest.cc
E:\rtsp\MyPlayer\3rdparty\webrtc_jitter\modules\audio_processing\agc2\rnn_vad\spectral_features_internal_unittest.cc(163,1): error C1010: 在查找预编译头时遇到意外的文件结尾。是否忘记了向源中添加“#include "pch.h"”?
  spectral_features_unittest.cc
E:\rtsp\MyPlayer\3rdparty\webrtc_jitter\modules\audio_processing\agc2\rnn_vad\spectral_features_unittest.cc(164,1): error C1010: 在查找预编译头时遇到意外的文件结尾。是否忘记了向源中添加“#include "pch.h"”?
  symmetric_matrix_buffer_unittest.cc
E:\rtsp\MyPlayer\3rdparty\webrtc_jitter\modules\audio_processing\agc2\rnn_vad\symmetric_matrix_buffer_unittest.cc(111,1): error C1010: 在查找预编译头时遇到意外的文件结尾。是否忘记了向源中添加“#include "pch.h"”?
  test_utils.cc
E:\rtsp\MyPlayer\3rdparty\webrtc_jitter\modules\audio_processing\agc2\rnn_vad\test_utils.cc(108,1): error C1010: 在查找预编译头时遇到意外的文件结尾。是否忘记了向源中添加“#include "pch.h"”?
  saturation_protector.cc
E:\rtsp\MyPlayer\3rdparty\webrtc_jitter\modules\audio_processing\agc2\saturation_protector.cc(103,1): error C1010: 在查找预编译头时遇到意外的文件结尾。是否忘记了向源中添加“#include "pch.h"”?
  saturation_protector_unittest.cc
E:\rtsp\MyPlayer\3rdparty\webrtc_jitter\modules\audio_processing\agc2\saturation_protector_unittest.cc(150,1): error C1010: 在查找预编译头时遇到意外的文件结尾。是否忘记了向源中添加“#include "pch.h"”?
  signal_classifier.cc
E:\rtsp\MyPlayer\3rdparty\webrtc_jitter\modules\audio_processing\agc2\signal_classifier.cc(168,1): error C1010: 在查找预编译头时遇到意外的文件结尾。是否忘记了向源中添加“#include "pch.h"”?
  signal_classifier_unittest.cc
E:\rtsp\MyPlayer\3rdparty\webrtc_jitter\modules\audio_processing\agc2\signal_classifier_unittest.cc(83,1): error C1010: 在查找预编译头时遇到意外的文件结尾。是否忘记了向源中添加“#include "pch.h"”?
  vad_with_level.cc
E:\rtsp\MyPlayer\3rdparty\webrtc_jitter\modules\audio_processing\agc2\vad_with_level.cc(71,1): error C1010: 在查找预编译头时遇到意外的文件结尾。是否忘记了向源中添加“#include "pch.h"”?
  正在生成代码...
  正在编译...
  vad_with_level_unittest.cc
E:\rtsp\MyPlayer\3rdparty\webrtc_jitter\modules\audio_processing\agc2\vad_with_level_unittest.cc(41,1): error C1010: 在查找预编译头时遇到意外的文件结尾。是否忘记了向源中添加“#include "pch.h"”?
  vector_float_frame.cc
E:\rtsp\MyPlayer\3rdparty\webrtc_jitter\modules\audio_processing\agc2\vector_float_frame.cc(40,1): error C1010: 在查找预编译头时遇到意外的文件结尾。是否忘记了向源中添加“#include "pch.h"”?
  agc.cc
E:\rtsp\MyPlayer\3rdparty\webrtc_jitter\modules\audio_processing\agc\agc.cc(105,1): error C1010: 在查找预编译头时遇到意外的文件结尾。是否忘记了向源中添加“#include "pch.h"”?
  agc_manager_direct.cc
E:\rtsp\MyPlayer\3rdparty\webrtc_jitter\modules\audio_processing\agc\agc_manager_direct.cc(455,1): error C1010: 在查找预编译头时遇到意外的文件结尾。是否忘记了向源中添加“#include "pch.h"”?
  agc_manager_direct_unittest.cc
E:\rtsp\MyPlayer\3rdparty\webrtc_jitter\modules\audio_processing\agc\agc_manager_direct_unittest.cc(704,1): error C1010: 在查找预编译头时遇到意外的文件结尾。是否忘记了向源中添加“#include "pch.h"”?
  loudness_histogram.cc
E:\rtsp\MyPlayer\3rdparty\webrtc_jitter\modules\audio_processing\agc\loudness_histogram.cc(230,1): error C1010: 在查找预编译头时遇到意外的文件结尾。是否忘记了向源中添加“#include "pch.h"”?
  loudness_histogram_unittest.cc
E:\rtsp\MyPlayer\3rdparty\webrtc_jitter\modules\audio_processing\agc\loudness_histogram_unittest.cc(108,1): error C1010: 在查找预编译头时遇到意外的文件结尾。是否忘记了向源中添加“#include "pch.h"”?
  utility.cc
E:\rtsp\MyPlayer\3rdparty\webrtc_jitter\modules\audio_processing\agc\utility.cc(36,1): error C1010: 在查找预编译头时遇到意外的文件结尾。是否忘记了向源中添加“#include "pch.h"”?
  audio_buffer.cc
E:\rtsp\MyPlayer\3rdparty\webrtc_jitter\modules\audio_processing\audio_buffer.cc(464,1): error C1010: 在查找预编译头时遇到意外的文件结尾。是否忘记了向源中添加“#include "pch.h"”?
  audio_buffer_unittest.cc
E:\rtsp\MyPlayer\3rdparty\webrtc_jitter\modules\audio_processing\audio_buffer_unittest.cc(50,1): error C1010: 在查找预编译头时遇到意外的文件结尾。是否忘记了向源中添加“#include "pch.h"”?
  audio_frame_view_unittest.cc
E:\rtsp\MyPlayer\3rdparty\webrtc_jitter\modules\audio_processing\audio_frame_view_unittest.cc(52,1): error C1010: 在查找预编译头时遇到意外的文件结尾。是否忘记了向源中添加“#include "pch.h"”?
  file_audio_generator.cc
E:\rtsp\MyPlayer\3rdparty\webrtc_jitter\modules\audio_processing\audio_generator\file_audio_generator.cc(37,1): error C1010: 在查找预编译头时遇到意外的文件结尾。是否忘记了向源中添加“#include "pch.h"”?
  file_audio_generator_unittest.cc
E:\rtsp\MyPlayer\3rdparty\webrtc_jitter\modules\audio_processing\audio_generator\file_audio_generator_unittest.cc(32,1): error C1010: 在查找预编译头时遇到意外的文件结尾。是否忘记了向源中添加“#include "pch.h"”?
  audio_processing_impl.cc
E:\rtsp\MyPlayer\3rdparty\webrtc_jitter\modules\audio_processing\audio_processing_impl.cc(2125,1): error C1010: 在查找预编译头时遇到意外的文件结尾。是否忘记了向源中添加“#include "pch.h"”?
  audio_processing_impl_locking_unittest.cc
E:\rtsp\MyPlayer\3rdparty\webrtc_jitter\modules\audio_processing\audio_processing_impl_locking_unittest.cc(1112,1): error C1010: 在查找预编译头时遇到意外的文件结尾。是否忘记了向源中添加“#include "pch.h"”?
  audio_processing_impl_unittest.cc
E:\rtsp\MyPlayer\3rdparty\webrtc_jitter\modules\audio_processing\audio_processing_impl_unittest.cc(400,1): error C1010: 在查找预编译头时遇到意外的文件结尾。是否忘记了向源中添加“#include "pch.h"”?
  audio_processing_performance_unittest.cc
E:\rtsp\MyPlayer\3rdparty\webrtc_jitter\modules\audio_processing\audio_processing_performance_unittest.cc(632,1): error C1010: 在查找预编译头时遇到意外的文件结尾。是否忘记了向源中添加“#include "pch.h"”?
  audio_processing_unittest.cc
E:\rtsp\MyPlayer\3rdparty\webrtc_jitter\modules\audio_processing\audio_processing_unittest.cc(2448,9): warning C4005: “MAYBE_ApmStatistics”: 宏重定义
      E:\rtsp\MyPlayer\3rdparty\webrtc_jitter\modules\audio_processing\audio_processing_unittest.cc(2446,9):
      参见“MAYBE_ApmStatistics”的前一个定义
  
E:\rtsp\MyPlayer\3rdparty\webrtc_jitter\modules\audio_processing\audio_processing_unittest.cc(2626,1): error C1010: 在查找预编译头时遇到意外的文件结尾。是否忘记了向源中添加“#include "pch.h"”?
  config_unittest.cc
E:\rtsp\MyPlayer\3rdparty\webrtc_jitter\modules\audio_processing\config_unittest.cc(78,1): error C1010: 在查找预编译头时遇到意外的文件结尾。是否忘记了向源中添加“#include "pch.h"”?
  echo_cancellation_bit_exact_unittest.cc
E:\rtsp\MyPlayer\3rdparty\webrtc_jitter\modules\audio_processing\echo_cancellation_bit_exact_unittest.cc(354,1): error C1010: 在查找预编译头时遇到意外的文件结尾。是否忘记了向源中添加“#include "pch.h"”?
  正在生成代码...
  正在编译...
  echo_cancellation_impl.cc
E:\rtsp\MyPlayer\3rdparty\webrtc_jitter\modules\audio_processing\echo_cancellation_impl.cc(433,1): error C1010: 在查找预编译头时遇到意外的文件结尾。是否忘记了向源中添加“#include "pch.h"”?
  echo_cancellation_impl_unittest.cc
E:\rtsp\MyPlayer\3rdparty\webrtc_jitter\modules\audio_processing\echo_cancellation_impl_unittest.cc(112,1): error C1010: 在查找预编译头时遇到意外的文件结尾。是否忘记了向源中添加“#include "pch.h"”?
  echo_control_mobile_bit_exact_unittest.cc
E:\rtsp\MyPlayer\3rdparty\webrtc_jitter\modules\audio_processing\echo_control_mobile_bit_exact_unittest.cc(222,1): error C1010: 在查找预编译头时遇到意外的文件结尾。是否忘记了向源中添加“#include "pch.h"”?
  echo_control_mobile_impl.cc
E:\rtsp\MyPlayer\3rdparty\webrtc_jitter\modules\audio_processing\echo_control_mobile_impl.cc(257,1): error C1010: 在查找预编译头时遇到意外的文件结尾。是否忘记了向源中添加“#include "pch.h"”?
  echo_control_mobile_unittest.cc
E:\rtsp\MyPlayer\3rdparty\webrtc_jitter\modules\audio_processing\echo_control_mobile_unittest.cc(45,1): error C1010: 在查找预编译头时遇到意外的文件结尾。是否忘记了向源中添加“#include "pch.h"”?
  circular_buffer.cc
E:\rtsp\MyPlayer\3rdparty\webrtc_jitter\modules\audio_processing\echo_detector\circular_buffer.cc(50,1): error C1010: 在查找预编译头时遇到意外的文件结尾。是否忘记了向源中添加“#include "pch.h"”?
  circular_buffer_unittest.cc
E:\rtsp\MyPlayer\3rdparty\webrtc_jitter\modules\audio_processing\echo_detector\circular_buffer_unittest.cc(54,1): error C1010: 在查找预编译头时遇到意外的文件结尾。是否忘记了向源中添加“#include "pch.h"”?
  mean_variance_estimator.cc
E:\rtsp\MyPlayer\3rdparty\webrtc_jitter\modules\audio_processing\echo_detector\mean_variance_estimator.cc(48,1): error C1010: 在查找预编译头时遇到意外的文件结尾。是否忘记了向源中添加“#include "pch.h"”?
  mean_variance_estimator_unittest.cc
E:\rtsp\MyPlayer\3rdparty\webrtc_jitter\modules\audio_processing\echo_detector\mean_variance_estimator_unittest.cc(66,1): error C1010: 在查找预编译头时遇到意外的文件结尾。是否忘记了向源中添加“#include "pch.h"”?
  moving_max.cc
E:\rtsp\MyPlayer\3rdparty\webrtc_jitter\modules\audio_processing\echo_detector\moving_max.cc(53,1): error C1010: 在查找预编译头时遇到意外的文件结尾。是否忘记了向源中添加“#include "pch.h"”?
  moving_max_unittest.cc
E:\rtsp\MyPlayer\3rdparty\webrtc_jitter\modules\audio_processing\echo_detector\moving_max_unittest.cc(69,1): error C1010: 在查找预编译头时遇到意外的文件结尾。是否忘记了向源中添加“#include "pch.h"”?
  normalized_covariance_estimator.cc
E:\rtsp\MyPlayer\3rdparty\webrtc_jitter\modules\audio_processing\echo_detector\normalized_covariance_estimator.cc(44,1): error C1010: 在查找预编译头时遇到意外的文件结尾。是否忘记了向源中添加“#include "pch.h"”?
  normalized_covariance_estimator_unittest.cc
E:\rtsp\MyPlayer\3rdparty\webrtc_jitter\modules\audio_processing\echo_detector\normalized_covariance_estimator_unittest.cc(42,1): error C1010: 在查找预编译头时遇到意外的文件结尾。是否忘记了向源中添加“#include "pch.h"”?
  gain_controller2.cc
E:\rtsp\MyPlayer\3rdparty\webrtc_jitter\modules\audio_processing\gain_controller2.cc(117,1): error C1010: 在查找预编译头时遇到意外的文件结尾。是否忘记了向源中添加“#include "pch.h"”?
  gain_controller2_unittest.cc
E:\rtsp\MyPlayer\3rdparty\webrtc_jitter\modules\audio_processing\gain_controller2_unittest.cc(288,1): error C1010: 在查找预编译头时遇到意外的文件结尾。是否忘记了向源中添加“#include "pch.h"”?
  gain_control_config_proxy.cc
E:\rtsp\MyPlayer\3rdparty\webrtc_jitter\modules\audio_processing\gain_control_config_proxy.cc(133,1): error C1010: 在查找预编译头时遇到意外的文件结尾。是否忘记了向源中添加“#include "pch.h"”?
  gain_control_config_proxy_unittest.cc
E:\rtsp\MyPlayer\3rdparty\webrtc_jitter\modules\audio_processing\gain_control_config_proxy_unittest.cc(164,1): error C1010: 在查找预编译头时遇到意外的文件结尾。是否忘记了向源中添加“#include "pch.h"”?
  gain_control_for_experimental_agc.cc
E:\rtsp\MyPlayer\3rdparty\webrtc_jitter\modules\audio_processing\gain_control_for_experimental_agc.cc(118,1): error C1010: 在查找预编译头时遇到意外的文件结尾。是否忘记了向源中添加“#include "pch.h"”?
  gain_control_impl.cc
E:\rtsp\MyPlayer\3rdparty\webrtc_jitter\modules\audio_processing\gain_control_impl.cc(400,1): error C1010: 在查找预编译头时遇到意外的文件结尾。是否忘记了向源中添加“#include "pch.h"”?
  gain_control_unittest.cc
E:\rtsp\MyPlayer\3rdparty\webrtc_jitter\modules\audio_processing\gain_control_unittest.cc(440,1): error C1010: 在查找预编译头时遇到意外的文件结尾。是否忘记了向源中添加“#include "pch.h"”?
  正在生成代码...
  正在编译...
  aec_dump.cc
E:\rtsp\MyPlayer\3rdparty\webrtc_jitter\modules\audio_processing\include\aec_dump.cc(42,1): error C1010: 在查找预编译头时遇到意外的文件结尾。是否忘记了向源中添加“#include "pch.h"”?
  audio_generator_factory.cc
E:\rtsp\MyPlayer\3rdparty\webrtc_jitter\modules\audio_processing\include\audio_generator_factory.cc(26,1): error C1010: 在查找预编译头时遇到意外的文件结尾。是否忘记了向源中添加“#include "pch.h"”?
  audio_processing.cc
E:\rtsp\MyPlayer\3rdparty\webrtc_jitter\modules\audio_processing\include\audio_processing.cc(19,1): error C1010: 在查找预编译头时遇到意外的文件结尾。是否忘记了向源中添加“#include "pch.h"”?
  audio_processing_statistics.cc
E:\rtsp\MyPlayer\3rdparty\webrtc_jitter\modules\audio_processing\include\audio_processing_statistics.cc(23,1): error C1010: 在查找预编译头时遇到意外的文件结尾。是否忘记了向源中添加“#include "pch.h"”?
  config.cc
E:\rtsp\MyPlayer\3rdparty\webrtc_jitter\modules\audio_processing\include\config.cc(24,1): error C1010: 在查找预编译头时遇到意外的文件结尾。是否忘记了向源中添加“#include "pch.h"”?
  level_estimator_impl.cc
E:\rtsp\MyPlayer\3rdparty\webrtc_jitter\modules\audio_processing\level_estimator_impl.cc(71,1): error C1010: 在查找预编译头时遇到意外的文件结尾。是否忘记了向源中添加“#include "pch.h"”?
  level_estimator_unittest.cc
E:\rtsp\MyPlayer\3rdparty\webrtc_jitter\modules\audio_processing\level_estimator_unittest.cc(94,1): error C1010: 在查找预编译头时遇到意外的文件结尾。是否忘记了向源中添加“#include "pch.h"”?
  apm_data_dumper.cc
E:\rtsp\MyPlayer\3rdparty\webrtc_jitter\modules\audio_processing\logging\apm_data_dumper.cc(91,1): error C1010: 在查找预编译头时遇到意外的文件结尾。是否忘记了向源中添加“#include "pch.h"”?
  low_cut_filter.cc
E:\rtsp\MyPlayer\3rdparty\webrtc_jitter\modules\audio_processing\low_cut_filter.cc(108,1): error C1010: 在查找预编译头时遇到意外的文件结尾。是否忘记了向源中添加“#include "pch.h"”?
  low_cut_filter_unittest.cc
E:\rtsp\MyPlayer\3rdparty\webrtc_jitter\modules\audio_processing\low_cut_filter_unittest.cc(682,1): error C1010: 在查找预编译头时遇到意外的文件结尾。是否忘记了向源中添加“#include "pch.h"”?
  noise_suppression_impl.cc
E:\rtsp\MyPlayer\3rdparty\webrtc_jitter\modules\audio_processing\noise_suppression_impl.cc(27,9): warning C4005: “NS_CREATE”: 宏重定义
      E:\rtsp\MyPlayer\3rdparty\webrtc_jitter\modules\audio_processing\noise_suppression_impl.cc(19,9):
      参见“NS_CREATE”的前一个定义
  
E:\rtsp\MyPlayer\3rdparty\webrtc_jitter\modules\audio_processing\noise_suppression_impl.cc(28,9): warning C4005: “NS_FREE”: 宏重定义
      E:\rtsp\MyPlayer\3rdparty\webrtc_jitter\modules\audio_processing\noise_suppression_impl.cc(20,9):
      参见“NS_FREE”的前一个定义
  
E:\rtsp\MyPlayer\3rdparty\webrtc_jitter\modules\audio_processing\noise_suppression_impl.cc(29,9): warning C4005: “NS_INIT”: 宏重定义
      E:\rtsp\MyPlayer\3rdparty\webrtc_jitter\modules\audio_processing\noise_suppression_impl.cc(21,9):
      参见“NS_INIT”的前一个定义
  
E:\rtsp\MyPlayer\3rdparty\webrtc_jitter\modules\audio_processing\noise_suppression_impl.cc(30,9): warning C4005: “NS_SET_POLICY”: 宏重定义
      E:\rtsp\MyPlayer\3rdparty\webrtc_jitter\modules\audio_processing\noise_suppression_impl.cc(22,9):
      参见“NS_SET_POLICY”的前一个定义
  
E:\rtsp\MyPlayer\3rdparty\webrtc_jitter\modules\audio_processing\noise_suppression_impl.cc(212,1): error C1010: 在查找预编译头时遇到意外的文件结尾。是否忘记了向源中添加“#include "pch.h"”?
  noise_suppression_proxy.cc
E:\rtsp\MyPlayer\3rdparty\webrtc_jitter\modules\audio_processing\noise_suppression_proxy.cc(72,1): error C1010: 在查找预编译头时遇到意外的文件结尾。是否忘记了向源中添加“#include "pch.h"”?
  noise_suppression_unittest.cc
E:\rtsp\MyPlayer\3rdparty\webrtc_jitter\modules\audio_processing\noise_suppression_unittest.cc(285,1): error C1010: 在查找预编译头时遇到意外的文件结尾。是否忘记了向源中添加“#include "pch.h"”?
  residual_echo_detector.cc
E:\rtsp\MyPlayer\3rdparty\webrtc_jitter\modules\audio_processing\residual_echo_detector.cc(216,1): error C1010: 在查找预编译头时遇到意外的文件结尾。是否忘记了向源中添加“#include "pch.h"”?
  residual_echo_detector_unittest.cc
E:\rtsp\MyPlayer\3rdparty\webrtc_jitter\modules\audio_processing\residual_echo_detector_unittest.cc(139,1): error C1010: 在查找预编译头时遇到意外的文件结尾。是否忘记了向源中添加“#include "pch.h"”?
  rms_level.cc
E:\rtsp\MyPlayer\3rdparty\webrtc_jitter\modules\audio_processing\rms_level.cc(108,1): error C1010: 在查找预编译头时遇到意外的文件结尾。是否忘记了向源中添加“#include "pch.h"”?
  rms_level_unittest.cc
E:\rtsp\MyPlayer\3rdparty\webrtc_jitter\modules\audio_processing\rms_level_unittest.cc(153,1): error C1010: 在查找预编译头时遇到意外的文件结尾。是否忘记了向源中添加“#include "pch.h"”?
  splitting_filter.cc
E:\rtsp\MyPlayer\3rdparty\webrtc_jitter\modules\audio_processing\splitting_filter.cc(107,1): error C1010: 在查找预编译头时遇到意外的文件结尾。是否忘记了向源中添加“#include "pch.h"”?
  splitting_filter_unittest.cc
E:\rtsp\MyPlayer\3rdparty\webrtc_jitter\modules\audio_processing\splitting_filter_unittest.cc(106,1): error C1010: 在查找预编译头时遇到意外的文件结尾。是否忘记了向源中添加“#include "pch.h"”?
  aec_dump_based_simulator.cc
E:\rtsp\MyPlayer\3rdparty\webrtc_jitter\modules\audio_processing\test\aec_dump_based_simulator.cc(607,1): error C1010: 在查找预编译头时遇到意外的文件结尾。是否忘记了向源中添加“#include "pch.h"”?
  正在生成代码...
  正在编译...
  api_call_statistics.cc
E:\rtsp\MyPlayer\3rdparty\webrtc_jitter\modules\audio_processing\test\api_call_statistics.cc(95,1): error C1010: 在查找预编译头时遇到意外的文件结尾。是否忘记了向源中添加“#include "pch.h"”?
  audioproc_float_impl.cc
E:\rtsp\MyPlayer\3rdparty\webrtc_jitter\modules\audio_processing\test\audioproc_float_impl.cc(667,1): error C1010: 在查找预编译头时遇到意外的文件结尾。是否忘记了向源中添加“#include "pch.h"”?
  audioproc_float_main.cc
E:\rtsp\MyPlayer\3rdparty\webrtc_jitter\modules\audio_processing\test\audioproc_float_main.cc(19,1): error C1010: 在查找预编译头时遇到意外的文件结尾。是否忘记了向源中添加“#include "pch.h"”?
  audio_buffer_tools.cc
E:\rtsp\MyPlayer\3rdparty\webrtc_jitter\modules\audio_processing\test\audio_buffer_tools.cc(56,1): error C1010: 在查找预编译头时遇到意外的文件结尾。是否忘记了向源中添加“#include "pch.h"”?
  audio_processing_simulator.cc
E:\rtsp\MyPlayer\3rdparty\webrtc_jitter\modules\audio_processing\test\audio_processing_simulator.cc(539,1): error C1010: 在查找预编译头时遇到意外的文件结尾。是否忘记了向源中添加“#include "pch.h"”?
  bitexactness_tools.cc
E:\rtsp\MyPlayer\3rdparty\webrtc_jitter\modules\audio_processing\test\bitexactness_tools.cc(149,1): error C1010: 在查找预编译头时遇到意外的文件结尾。是否忘记了向源中添加“#include "pch.h"”?
  config.cc
E:\rtsp\MyPlayer\3rdparty\webrtc_jitter\modules\audio_processing\test\conversational_speech\config.cc(32,1): error C1010: 在查找预编译头时遇到意外的文件结尾。是否忘记了向源中添加“#include "pch.h"”?
  generator.cc
E:\rtsp\MyPlayer\3rdparty\webrtc_jitter\modules\audio_processing\test\conversational_speech\generator.cc(89,1): error C1010: 在查找预编译头时遇到意外的文件结尾。是否忘记了向源中添加“#include "pch.h"”?
  generator_unittest.cc
E:\rtsp\MyPlayer\3rdparty\webrtc_jitter\modules\audio_processing\test\conversational_speech\generator_unittest.cc(675,1): error C1010: 在查找预编译头时遇到意外的文件结尾。是否忘记了向源中添加“#include "pch.h"”?
  mock_wavreader.cc
E:\rtsp\MyPlayer\3rdparty\webrtc_jitter\modules\audio_processing\test\conversational_speech\mock_wavreader.cc(35,1): error C1010: 在查找预编译头时遇到意外的文件结尾。是否忘记了向源中添加“#include "pch.h"”?
  mock_wavreader_factory.cc
E:\rtsp\MyPlayer\3rdparty\webrtc_jitter\modules\audio_processing\test\conversational_speech\mock_wavreader_factory.cc(66,1): error C1010: 在查找预编译头时遇到意外的文件结尾。是否忘记了向源中添加“#include "pch.h"”?
  multiend_call.cc
E:\rtsp\MyPlayer\3rdparty\webrtc_jitter\modules\audio_processing\test\conversational_speech\multiend_call.cc(193,1): error C1010: 在查找预编译头时遇到意外的文件结尾。是否忘记了向源中添加“#include "pch.h"”?
  simulator.cc
E:\rtsp\MyPlayer\3rdparty\webrtc_jitter\modules\audio_processing\test\conversational_speech\simulator.cc(236,1): error C1010: 在查找预编译头时遇到意外的文件结尾。是否忘记了向源中添加“#include "pch.h"”?
  timing.cc
E:\rtsp\MyPlayer\3rdparty\webrtc_jitter\modules\audio_processing\test\conversational_speech\timing.cc(72,1): error C1010: 在查找预编译头时遇到意外的文件结尾。是否忘记了向源中添加“#include "pch.h"”?
  wavreader_factory.cc
E:\rtsp\MyPlayer\3rdparty\webrtc_jitter\modules\audio_processing\test\conversational_speech\wavreader_factory.cc(65,1): error C1010: 在查找预编译头时遇到意外的文件结尾。是否忘记了向源中添加“#include "pch.h"”?
  debug_dump_replayer.cc
E:\rtsp\MyPlayer\3rdparty\webrtc_jitter\modules\audio_processing\test\debug_dump_replayer.cc(264,1): error C1010: 在查找预编译头时遇到意外的文件结尾。是否忘记了向源中添加“#include "pch.h"”?
  debug_dump_test.cc
E:\rtsp\MyPlayer\3rdparty\webrtc_jitter\modules\audio_processing\test\debug_dump_test.cc(524,9): warning C4005: “MAYBE_ToggleAgc”: 宏重定义
      E:\rtsp\MyPlayer\3rdparty\webrtc_jitter\modules\audio_processing\test\debug_dump_test.cc(522,9):
      参见“MAYBE_ToggleAgc”的前一个定义
  
E:\rtsp\MyPlayer\3rdparty\webrtc_jitter\modules\audio_processing\test\debug_dump_test.cc(578,1): error C1010: 在查找预编译头时遇到意外的文件结尾。是否忘记了向源中添加“#include "pch.h"”?
  echo_canceller_test_tools.cc
E:\rtsp\MyPlayer\3rdparty\webrtc_jitter\modules\audio_processing\test\echo_canceller_test_tools.cc(41,1): error C1010: 在查找预编译头时遇到意外的文件结尾。是否忘记了向源中添加“#include "pch.h"”?
  echo_canceller_test_tools_unittest.cc
E:\rtsp\MyPlayer\3rdparty\webrtc_jitter\modules\audio_processing\test\echo_canceller_test_tools_unittest.cc(72,1): error C1010: 在查找预编译头时遇到意外的文件结尾。是否忘记了向源中添加“#include "pch.h"”?
  fake_recording_device.cc
E:\rtsp\MyPlayer\3rdparty\webrtc_jitter\modules\audio_processing\test\fake_recording_device.cc(193,1): error C1010: 在查找预编译头时遇到意外的文件结尾。是否忘记了向源中添加“#include "pch.h"”?
  正在生成代码...
  正在编译...
  fake_recording_device_unittest.cc
E:\rtsp\MyPlayer\3rdparty\webrtc_jitter\modules\audio_processing\test\fake_recording_device_unittest.cc(233,1): error C1010: 在查找预编译头时遇到意外的文件结尾。是否忘记了向源中添加“#include "pch.h"”?
  performance_timer.cc
E:\rtsp\MyPlayer\3rdparty\webrtc_jitter\modules\audio_processing\test\performance_timer.cc(76,1): error C1010: 在查找预编译头时遇到意外的文件结尾。是否忘记了向源中添加“#include "pch.h"”?
  protobuf_utils.cc
E:\rtsp\MyPlayer\3rdparty\webrtc_jitter\modules\audio_processing\test\protobuf_utils.cc(45,1): error C1010: 在查找预编译头时遇到意外的文件结尾。是否忘记了向源中添加“#include "pch.h"”?
  apm_vad.cc
E:\rtsp\MyPlayer\3rdparty\webrtc_jitter\modules\audio_processing\test\py_quality_assessment\quality_assessment\apm_vad.cc(97,1): error C1010: 在查找预编译头时遇到意外的文件结尾。是否忘记了向源中添加“#include "pch.h"”?
  fake_polqa.cc
E:\rtsp\MyPlayer\3rdparty\webrtc_jitter\modules\audio_processing\test\py_quality_assessment\quality_assessment\fake_polqa.cc(55,1): error C1010: 在查找预编译头时遇到意外的文件结尾。是否忘记了向源中添加“#include "pch.h"”?
  sound_level.cc
E:\rtsp\MyPlayer\3rdparty\webrtc_jitter\modules\audio_processing\test\py_quality_assessment\quality_assessment\sound_level.cc(123,1): error C1010: 在查找预编译头时遇到意外的文件结尾。是否忘记了向源中添加“#include "pch.h"”?
  vad.cc
E:\rtsp\MyPlayer\3rdparty\webrtc_jitter\modules\audio_processing\test\py_quality_assessment\quality_assessment\vad.cc(104,1): error C1010: 在查找预编译头时遇到意外的文件结尾。是否忘记了向源中添加“#include "pch.h"”?
  runtime_setting_util.cc
E:\rtsp\MyPlayer\3rdparty\webrtc_jitter\modules\audio_processing\test\runtime_setting_util.cc(42,1): error C1010: 在查找预编译头时遇到意外的文件结尾。是否忘记了向源中添加“#include "pch.h"”?
  simulator_buffers.cc
E:\rtsp\MyPlayer\3rdparty\webrtc_jitter\modules\audio_processing\test\simulator_buffers.cc(86,1): error C1010: 在查找预编译头时遇到意外的文件结尾。是否忘记了向源中添加“#include "pch.h"”?
  test_utils.cc
E:\rtsp\MyPlayer\3rdparty\webrtc_jitter\modules\audio_processing\test\test_utils.cc(137,1): error C1010: 在查找预编译头时遇到意外的文件结尾。是否忘记了向源中添加“#include "pch.h"”?
  wav_based_simulator.cc
E:\rtsp\MyPlayer\3rdparty\webrtc_jitter\modules\audio_processing\test\wav_based_simulator.cc(188,1): error C1010: 在查找预编译头时遇到意外的文件结尾。是否忘记了向源中添加“#include "pch.h"”?
  three_band_filter_bank.cc
E:\rtsp\MyPlayer\3rdparty\webrtc_jitter\modules\audio_processing\three_band_filter_bank.cc(214,1): error C1010: 在查找预编译头时遇到意外的文件结尾。是否忘记了向源中添加“#include "pch.h"”?
  click_annotate.cc
E:\rtsp\MyPlayer\3rdparty\webrtc_jitter\modules\audio_processing\transient\click_annotate.cc(108,1): error C1010: 在查找预编译头时遇到意外的文件结尾。是否忘记了向源中添加“#include "pch.h"”?
  dyadic_decimator_unittest.cc
E:\rtsp\MyPlayer\3rdparty\webrtc_jitter\modules\audio_processing\transient\dyadic_decimator_unittest.cc(112,1): error C1010: 在查找预编译头时遇到意外的文件结尾。是否忘记了向源中添加“#include "pch.h"”?
  file_utils.cc
E:\rtsp\MyPlayer\3rdparty\webrtc_jitter\modules\audio_processing\transient\file_utils.cc(258,1): error C1010: 在查找预编译头时遇到意外的文件结尾。是否忘记了向源中添加“#include "pch.h"”?
  file_utils_unittest.cc
E:\rtsp\MyPlayer\3rdparty\webrtc_jitter\modules\audio_processing\transient\file_utils_unittest.cc(85,9): warning C4005: “MAYBE_ConvertByteArrayToFloat”: 宏重定义
      E:\rtsp\MyPlayer\3rdparty\webrtc_jitter\modules\audio_processing\transient\file_utils_unittest.cc(83,9):
      参见“MAYBE_ConvertByteArrayToFloat”的前一个定义
  
E:\rtsp\MyPlayer\3rdparty\webrtc_jitter\modules\audio_processing\transient\file_utils_unittest.cc(103,9): warning C4005: “MAYBE_ConvertByteArrayToDouble”: 宏重定义
      E:\rtsp\MyPlayer\3rdparty\webrtc_jitter\modules\audio_processing\transient\file_utils_unittest.cc(101,9):
      参见“MAYBE_ConvertByteArrayToDouble”的前一个定义
  
E:\rtsp\MyPlayer\3rdparty\webrtc_jitter\modules\audio_processing\transient\file_utils_unittest.cc(121,9): warning C4005: “MAYBE_ConvertFloatToByteArray”: 宏重定义
      E:\rtsp\MyPlayer\3rdparty\webrtc_jitter\modules\audio_processing\transient\file_utils_unittest.cc(119,9):
      参见“MAYBE_ConvertFloatToByteArray”的前一个定义
  
E:\rtsp\MyPlayer\3rdparty\webrtc_jitter\modules\audio_processing\transient\file_utils_unittest.cc(139,9): warning C4005: “MAYBE_ConvertDoubleToByteArray”: 宏重定义
      E:\rtsp\MyPlayer\3rdparty\webrtc_jitter\modules\audio_processing\transient\file_utils_unittest.cc(137,9):
      参见“MAYBE_ConvertDoubleToByteArray”的前一个定义
  
E:\rtsp\MyPlayer\3rdparty\webrtc_jitter\modules\audio_processing\transient\file_utils_unittest.cc(157,9): warning C4005: “MAYBE_ReadInt16BufferFromFile”: 宏重定义
      E:\rtsp\MyPlayer\3rdparty\webrtc_jitter\modules\audio_processing\transient\file_utils_unittest.cc(155,9):
      参见“MAYBE_ReadInt16BufferFromFile”的前一个定义
  
E:\rtsp\MyPlayer\3rdparty\webrtc_jitter\modules\audio_processing\transient\file_utils_unittest.cc(195,9): warning C4005: “MAYBE_ReadInt16FromFileToFloatBuffer”: 宏重定义
      E:\rtsp\MyPlayer\3rdparty\webrtc_jitter\modules\audio_processing\transient\file_utils_unittest.cc(192,9):
      参见“MAYBE_ReadInt16FromFileToFloatBuffer”的前一个定义
  
E:\rtsp\MyPlayer\3rdparty\webrtc_jitter\modules\audio_processing\transient\file_utils_unittest.cc(235,9): warning C4005: “MAYBE_ReadInt16FromFileToDoubleBuffer”: 宏重定义
      E:\rtsp\MyPlayer\3rdparty\webrtc_jitter\modules\audio_processing\transient\file_utils_unittest.cc(232,9):
      参见“MAYBE_ReadInt16FromFileToDoubleBuffer”的前一个定义
  
E:\rtsp\MyPlayer\3rdparty\webrtc_jitter\modules\audio_processing\transient\file_utils_unittest.cc(273,9): warning C4005: “MAYBE_ReadFloatBufferFromFile”: 宏重定义
      E:\rtsp\MyPlayer\3rdparty\webrtc_jitter\modules\audio_processing\transient\file_utils_unittest.cc(271,9):
      参见“MAYBE_ReadFloatBufferFromFile”的前一个定义
  
E:\rtsp\MyPlayer\3rdparty\webrtc_jitter\modules\audio_processing\transient\file_utils_unittest.cc(309,9): warning C4005: “MAYBE_ReadDoubleBufferFromFile”: 宏重定义
      E:\rtsp\MyPlayer\3rdparty\webrtc_jitter\modules\audio_processing\transient\file_utils_unittest.cc(307,9):
      参见“MAYBE_ReadDoubleBufferFromFile”的前一个定义
  
E:\rtsp\MyPlayer\3rdparty\webrtc_jitter\modules\audio_processing\transient\file_utils_unittest.cc(345,9): warning C4005: “MAYBE_WriteInt16BufferToFile”: 宏重定义
      E:\rtsp\MyPlayer\3rdparty\webrtc_jitter\modules\audio_processing\transient\file_utils_unittest.cc(343,9):
      参见“MAYBE_WriteInt16BufferToFile”的前一个定义
  
E:\rtsp\MyPlayer\3rdparty\webrtc_jitter\modules\audio_processing\transient\file_utils_unittest.cc(381,9): warning C4005: “MAYBE_WriteFloatBufferToFile”: 宏重定义
      E:\rtsp\MyPlayer\3rdparty\webrtc_jitter\modules\audio_processing\transient\file_utils_unittest.cc(379,9):
      参见“MAYBE_WriteFloatBufferToFile”的前一个定义
  
E:\rtsp\MyPlayer\3rdparty\webrtc_jitter\modules\audio_processing\transient\file_utils_unittest.cc(417,9): warning C4005: “MAYBE_WriteDoubleBufferToFile”: 宏重定义
      E:\rtsp\MyPlayer\3rdparty\webrtc_jitter\modules\audio_processing\transient\file_utils_unittest.cc(415,9):
      参见“MAYBE_WriteDoubleBufferToFile”的前一个定义
  
E:\rtsp\MyPlayer\3rdparty\webrtc_jitter\modules\audio_processing\transient\file_utils_unittest.cc(453,9): warning C4005: “MAYBE_ExpectedErrorReturnValues”: 宏重定义
      E:\rtsp\MyPlayer\3rdparty\webrtc_jitter\modules\audio_processing\transient\file_utils_unittest.cc(451,9):
      参见“MAYBE_ExpectedErrorReturnValues”的前一个定义
  
E:\rtsp\MyPlayer\3rdparty\webrtc_jitter\modules\audio_processing\transient\file_utils_unittest.cc(501,1): error C1010: 在查找预编译头时遇到意外的文件结尾。是否忘记了向源中添加“#include "pch.h"”?
  moving_moments.cc
E:\rtsp\MyPlayer\3rdparty\webrtc_jitter\modules\audio_processing\transient\moving_moments.cc(51,1): error C1010: 在查找预编译头时遇到意外的文件结尾。是否忘记了向源中添加“#include "pch.h"”?
  moving_moments_unittest.cc
E:\rtsp\MyPlayer\3rdparty\webrtc_jitter\modules\audio_processing\transient\moving_moments_unittest.cc(208,1): error C1010: 在查找预编译头时遇到意外的文件结尾。是否忘记了向源中添加“#include "pch.h"”?
  transient_detector.cc
E:\rtsp\MyPlayer\3rdparty\webrtc_jitter\modules\audio_processing\transient\transient_detector.cc(177,1): error C1010: 在查找预编译头时遇到意外的文件结尾。是否忘记了向源中添加“#include "pch.h"”?
  transient_detector_unittest.cc
E:\rtsp\MyPlayer\3rdparty\webrtc_jitter\modules\audio_processing\transient\transient_detector_unittest.cc(96,1): error C1010: 在查找预编译头时遇到意外的文件结尾。是否忘记了向源中添加“#include "pch.h"”?
  正在生成代码...
  正在编译...
  transient_suppression_test.cc
E:\rtsp\MyPlayer\3rdparty\webrtc_jitter\modules\audio_processing\transient\transient_suppression_test.cc(239,1): error C1010: 在查找预编译头时遇到意外的文件结尾。是否忘记了向源中添加“#include "pch.h"”?
  transient_suppressor.cc
E:\rtsp\MyPlayer\3rdparty\webrtc_jitter\modules\audio_processing\transient\transient_suppressor.cc(409,1): error C1010: 在查找预编译头时遇到意外的文件结尾。是否忘记了向源中添加“#include "pch.h"”?
  transient_suppressor_unittest.cc
E:\rtsp\MyPlayer\3rdparty\webrtc_jitter\modules\audio_processing\transient\transient_suppressor_unittest.cc(86,1): error C1010: 在查找预编译头时遇到意外的文件结尾。是否忘记了向源中添加“#include "pch.h"”?
  wpd_node.cc
E:\rtsp\MyPlayer\3rdparty\webrtc_jitter\modules\audio_processing\transient\wpd_node.cc(73,1): error C1010: 在查找预编译头时遇到意外的文件结尾。是否忘记了向源中添加“#include "pch.h"”?
  wpd_node_unittest.cc
E:\rtsp\MyPlayer\3rdparty\webrtc_jitter\modules\audio_processing\transient\wpd_node_unittest.cc(65,1): error C1010: 在查找预编译头时遇到意外的文件结尾。是否忘记了向源中添加“#include "pch.h"”?
  wpd_tree.cc
E:\rtsp\MyPlayer\3rdparty\webrtc_jitter\modules\audio_processing\transient\wpd_tree.cc(119,1): error C1010: 在查找预编译头时遇到意外的文件结尾。是否忘记了向源中添加“#include "pch.h"”?
  wpd_tree_unittest.cc
E:\rtsp\MyPlayer\3rdparty\webrtc_jitter\modules\audio_processing\transient\wpd_tree_unittest.cc(177,1): error C1010: 在查找预编译头时遇到意外的文件结尾。是否忘记了向源中添加“#include "pch.h"”?
  typing_detection.cc
E:\rtsp\MyPlayer\3rdparty\webrtc_jitter\modules\audio_processing\typing_detection.cc(94,1): error C1010: 在查找预编译头时遇到意外的文件结尾。是否忘记了向源中添加“#include "pch.h"”?
  block_mean_calculator.cc
E:\rtsp\MyPlayer\3rdparty\webrtc_jitter\modules\audio_processing\utility\block_mean_calculator.cc(51,1): error C1010: 在查找预编译头时遇到意外的文件结尾。是否忘记了向源中添加“#include "pch.h"”?
  block_mean_calculator_unittest.cc
E:\rtsp\MyPlayer\3rdparty\webrtc_jitter\modules\audio_processing\utility\block_mean_calculator_unittest.cc(60,1): error C1010: 在查找预编译头时遇到意外的文件结尾。是否忘记了向源中添加“#include "pch.h"”?
  delay_estimator.cc
E:\rtsp\MyPlayer\3rdparty\webrtc_jitter\modules\audio_processing\utility\delay_estimator.cc(701,1): error C1010: 在查找预编译头时遇到意外的文件结尾。是否忘记了向源中添加“#include "pch.h"”?
  delay_estimator_unittest.cc
E:\rtsp\MyPlayer\3rdparty\webrtc_jitter\modules\audio_processing\utility\delay_estimator_unittest.cc(618,1): error C1010: 在查找预编译头时遇到意外的文件结尾。是否忘记了向源中添加“#include "pch.h"”?
  delay_estimator_wrapper.cc
E:\rtsp\MyPlayer\3rdparty\webrtc_jitter\modules\audio_processing\utility\delay_estimator_wrapper.cc(486,1): error C1010: 在查找预编译头时遇到意外的文件结尾。是否忘记了向源中添加“#include "pch.h"”?
  ooura_fft.cc
E:\rtsp\MyPlayer\3rdparty\webrtc_jitter\modules\audio_processing\utility\ooura_fft.cc(541,1): error C1010: 在查找预编译头时遇到意外的文件结尾。是否忘记了向源中添加“#include "pch.h"”?
  ooura_fft_mips.cc
E:\rtsp\MyPlayer\3rdparty\webrtc_jitter\modules\audio_processing\utility\ooura_fft_mips.cc(1246,1): error C1010: 在查找预编译头时遇到意外的文件结尾。是否忘记了向源中添加“#include "pch.h"”?
  ooura_fft_neon.cc
E:\rtsp\MyPlayer\3rdparty\webrtc_jitter\modules\audio_processing\utility\ooura_fft_neon.cc(352,1): error C1010: 在查找预编译头时遇到意外的文件结尾。是否忘记了向源中添加“#include "pch.h"”?
  ooura_fft_sse2.cc
E:\rtsp\MyPlayer\3rdparty\webrtc_jitter\modules\audio_processing\utility\ooura_fft_sse2.cc(440,1): error C1010: 在查找预编译头时遇到意外的文件结尾。是否忘记了向源中添加“#include "pch.h"”?
  pffft_wrapper.cc
E:\rtsp\MyPlayer\3rdparty\webrtc_jitter\modules\audio_processing\utility\pffft_wrapper.cc(136,1): error C1010: 在查找预编译头时遇到意外的文件结尾。是否忘记了向源中添加“#include "pch.h"”?
  pffft_wrapper_unittest.cc
E:\rtsp\MyPlayer\3rdparty\webrtc_jitter\modules\audio_processing\utility\pffft_wrapper_unittest.cc(182,1): error C1010: 在查找预编译头时遇到意外的文件结尾。是否忘记了向源中添加“#include "pch.h"”?
  gmm.cc
E:\rtsp\MyPlayer\3rdparty\webrtc_jitter\modules\audio_processing\vad\gmm.cc(62,1): error C1010: 在查找预编译头时遇到意外的文件结尾。是否忘记了向源中添加“#include "pch.h"”?
  正在生成代码...
  正在编译...
  gmm_unittest.cc
E:\rtsp\MyPlayer\3rdparty\webrtc_jitter\modules\audio_processing\vad\gmm_unittest.cc(66,1): error C1010: 在查找预编译头时遇到意外的文件结尾。是否忘记了向源中添加“#include "pch.h"”?
  pitch_based_vad.cc
E:\rtsp\MyPlayer\3rdparty\webrtc_jitter\modules\audio_processing\vad\pitch_based_vad.cc(121,1): error C1010: 在查找预编译头时遇到意外的文件结尾。是否忘记了向源中添加“#include "pch.h"”?
  pitch_based_vad_unittest.cc
E:\rtsp\MyPlayer\3rdparty\webrtc_jitter\modules\audio_processing\vad\pitch_based_vad_unittest.cc(76,1): error C1010: 在查找预编译头时遇到意外的文件结尾。是否忘记了向源中添加“#include "pch.h"”?
  pitch_internal.cc
E:\rtsp\MyPlayer\3rdparty\webrtc_jitter\modules\audio_processing\vad\pitch_internal.cc(52,1): error C1010: 在查找预编译头时遇到意外的文件结尾。是否忘记了向源中添加“#include "pch.h"”?
  pitch_internal_unittest.cc
E:\rtsp\MyPlayer\3rdparty\webrtc_jitter\modules\audio_processing\vad\pitch_internal_unittest.cc(51,1): error C1010: 在查找预编译头时遇到意外的文件结尾。是否忘记了向源中添加“#include "pch.h"”?
  pole_zero_filter.cc
E:\rtsp\MyPlayer\3rdparty\webrtc_jitter\modules\audio_processing\vad\pole_zero_filter.cc(108,1): error C1010: 在查找预编译头时遇到意外的文件结尾。是否忘记了向源中添加“#include "pch.h"”?
  pole_zero_filter_unittest.cc
E:\rtsp\MyPlayer\3rdparty\webrtc_jitter\modules\audio_processing\vad\pole_zero_filter_unittest.cc(104,1): error C1010: 在查找预编译头时遇到意外的文件结尾。是否忘记了向源中添加“#include "pch.h"”?
  standalone_vad.cc
E:\rtsp\MyPlayer\3rdparty\webrtc_jitter\modules\audio_processing\vad\standalone_vad.cc(92,1): error C1010: 在查找预编译头时遇到意外的文件结尾。是否忘记了向源中添加“#include "pch.h"”?
  standalone_vad_unittest.cc
E:\rtsp\MyPlayer\3rdparty\webrtc_jitter\modules\audio_processing\vad\standalone_vad_unittest.cc(108,1): error C1010: 在查找预编译头时遇到意外的文件结尾。是否忘记了向源中添加“#include "pch.h"”?
  vad_audio_proc.cc
E:\rtsp\MyPlayer\3rdparty\webrtc_jitter\modules\audio_processing\vad\vad_audio_proc.cc(276,1): error C1010: 在查找预编译头时遇到意外的文件结尾。是否忘记了向源中添加“#include "pch.h"”?
  vad_audio_proc_unittest.cc
E:\rtsp\MyPlayer\3rdparty\webrtc_jitter\modules\audio_processing\vad\vad_audio_proc_unittest.cc(63,1): error C1010: 在查找预编译头时遇到意外的文件结尾。是否忘记了向源中添加“#include "pch.h"”?
  vad_circular_buffer.cc
E:\rtsp\MyPlayer\3rdparty\webrtc_jitter\modules\audio_processing\vad\vad_circular_buffer.cc(136,1): error C1010: 在查找预编译头时遇到意外的文件结尾。是否忘记了向源中添加“#include "pch.h"”?
  vad_circular_buffer_unittest.cc
E:\rtsp\MyPlayer\3rdparty\webrtc_jitter\modules\audio_processing\vad\vad_circular_buffer_unittest.cc(135,1): error C1010: 在查找预编译头时遇到意外的文件结尾。是否忘记了向源中添加“#include "pch.h"”?
  voice_activity_detector.cc
E:\rtsp\MyPlayer\3rdparty\webrtc_jitter\modules\audio_processing\vad\voice_activity_detector.cc(85,1): error C1010: 在查找预编译头时遇到意外的文件结尾。是否忘记了向源中添加“#include "pch.h"”?
  voice_activity_detector_unittest.cc
E:\rtsp\MyPlayer\3rdparty\webrtc_jitter\modules\audio_processing\vad\voice_activity_detector_unittest.cc(169,1): error C1010: 在查找预编译头时遇到意外的文件结尾。是否忘记了向源中添加“#include "pch.h"”?
  voice_detection_impl.cc
E:\rtsp\MyPlayer\3rdparty\webrtc_jitter\modules\audio_processing\voice_detection_impl.cc(157,1): error C1010: 在查找预编译头时遇到意外的文件结尾。是否忘记了向源中添加“#include "pch.h"”?
  voice_detection_unittest.cc
E:\rtsp\MyPlayer\3rdparty\webrtc_jitter\modules\audio_processing\voice_detection_unittest.cc(124,1): error C1010: 在查找预编译头时遇到意外的文件结尾。是否忘记了向源中添加“#include "pch.h"”?
  loss_based_bandwidth_estimation.cc
E:\rtsp\MyPlayer\3rdparty\webrtc_jitter\modules\bitrate_controller\loss_based_bandwidth_estimation.cc(237,1): error C1010: 在查找预编译头时遇到意外的文件结尾。是否忘记了向源中添加“#include "pch.h"”?
  send_side_bandwidth_estimation.cc
E:\rtsp\MyPlayer\3rdparty\webrtc_jitter\modules\bitrate_controller\send_side_bandwidth_estimation.cc(668,1): error C1010: 在查找预编译头时遇到意外的文件结尾。是否忘记了向源中添加“#include "pch.h"”?
  acknowledged_bitrate_estimator.cc
E:\rtsp\MyPlayer\3rdparty\webrtc_jitter\modules\congestion_controller\goog_cc\acknowledged_bitrate_estimator.cc(68,1): error C1010: 在查找预编译头时遇到意外的文件结尾。是否忘记了向源中添加“#include "pch.h"”?
  正在生成代码...
  正在编译...
  alr_detector.cc
E:\rtsp\MyPlayer\3rdparty\webrtc_jitter\modules\congestion_controller\goog_cc\alr_detector.cc(111,1): error C1010: 在查找预编译头时遇到意外的文件结尾。是否忘记了向源中添加“#include "pch.h"”?
  bitrate_estimator.cc
E:\rtsp\MyPlayer\3rdparty\webrtc_jitter\modules\congestion_controller\goog_cc\bitrate_estimator.cc(147,1): error C1010: 在查找预编译头时遇到意外的文件结尾。是否忘记了向源中添加“#include "pch.h"”?
  congestion_window_pushback_controller.cc
E:\rtsp\MyPlayer\3rdparty\webrtc_jitter\modules\congestion_controller\goog_cc\congestion_window_pushback_controller.cc(91,1): error C1010: 在查找预编译头时遇到意外的文件结尾。是否忘记了向源中添加“#include "pch.h"”?
  delay_based_bwe.cc
E:\rtsp\MyPlayer\3rdparty\webrtc_jitter\modules\congestion_controller\goog_cc\delay_based_bwe.cc(260,1): error C1010: 在查找预编译头时遇到意外的文件结尾。是否忘记了向源中添加“#include "pch.h"”?
  goog_cc_network_control.cc
E:\rtsp\MyPlayer\3rdparty\webrtc_jitter\modules\congestion_controller\goog_cc\goog_cc_network_control.cc(666,1): error C1010: 在查找预编译头时遇到意外的文件结尾。是否忘记了向源中添加“#include "pch.h"”?
  link_capacity_estimator.cc
E:\rtsp\MyPlayer\3rdparty\webrtc_jitter\modules\congestion_controller\goog_cc\link_capacity_estimator.cc(77,1): error C1010: 在查找预编译头时遇到意外的文件结尾。是否忘记了向源中添加“#include "pch.h"”?
  median_slope_estimator.cc
E:\rtsp\MyPlayer\3rdparty\webrtc_jitter\modules\congestion_controller\goog_cc\median_slope_estimator.cc(89,1): error C1010: 在查找预编译头时遇到意外的文件结尾。是否忘记了向源中添加“#include "pch.h"”?
  probe_bitrate_estimator.cc
E:\rtsp\MyPlayer\3rdparty\webrtc_jitter\modules\congestion_controller\goog_cc\probe_bitrate_estimator.cc(181,1): error C1010: 在查找预编译头时遇到意外的文件结尾。是否忘记了向源中添加“#include "pch.h"”?
  probe_controller.cc
E:\rtsp\MyPlayer\3rdparty\webrtc_jitter\modules\congestion_controller\goog_cc\probe_controller.cc(434,1): error C1010: 在查找预编译头时遇到意外的文件结尾。是否忘记了向源中添加“#include "pch.h"”?
  trendline_estimator.cc
E:\rtsp\MyPlayer\3rdparty\webrtc_jitter\modules\congestion_controller\goog_cc\trendline_estimator.cc(1,1): warning C4819: 该文件包含不能在当前代码页(936)中表示的字符。请将该文件保存为 Unicode 格式以防止数据丢失
E:\rtsp\MyPlayer\3rdparty\webrtc_jitter\modules\congestion_controller\goog_cc\trendline_estimator.cc(226,1): error C1010: 在查找预编译头时遇到意外的文件结尾。是否忘记了向源中添加“#include "pch.h"”?
  control_handler.cc
E:\rtsp\MyPlayer\3rdparty\webrtc_jitter\modules\congestion_controller\rtp\control_handler.cc(57,1): error C1010: 在查找预编译头时遇到意外的文件结尾。是否忘记了向源中添加“#include "pch.h"”?
  send_time_history.cc
E:\rtsp\MyPlayer\3rdparty\webrtc_jitter\modules\congestion_controller\rtp\send_time_history.cc(159,1): error C1010: 在查找预编译头时遇到意外的文件结尾。是否忘记了向源中添加“#include "pch.h"”?
  transport_feedback_adapter.cc
E:\rtsp\MyPlayer\3rdparty\webrtc_jitter\modules\congestion_controller\rtp\transport_feedback_adapter.cc(246,1): error C1010: 在查找预编译头时遇到意外的文件结尾。是否忘记了向源中添加“#include "pch.h"”?
  module_common_types.cc
E:\rtsp\MyPlayer\3rdparty\webrtc_jitter\modules\include\module_common_types.cc(118,1): error C1010: 在查找预编译头时遇到意外的文件结尾。是否忘记了向源中添加“#include "pch.h"”?
  bitrate_prober.cc
E:\rtsp\MyPlayer\3rdparty\webrtc_jitter\modules\pacing\bitrate_prober.cc(41,9): warning C4005: “TODO_PRINT_PROBING_STATE”: 宏重定义
      E:\rtsp\MyPlayer\3rdparty\webrtc_jitter\modules\pacing\bitrate_prober.cc(21,9):
      参见“TODO_PRINT_PROBING_STATE”的前一个定义
  
E:\rtsp\MyPlayer\3rdparty\webrtc_jitter\modules\pacing\bitrate_prober.cc(242,1): error C1010: 在查找预编译头时遇到意外的文件结尾。是否忘记了向源中添加“#include "pch.h"”?
  interval_budget.cc
E:\rtsp\MyPlayer\3rdparty\webrtc_jitter\modules\pacing\interval_budget.cc(68,1): error C1010: 在查找预编译头时遇到意外的文件结尾。是否忘记了向源中添加“#include "pch.h"”?
  paced_sender.cc
E:\rtsp\MyPlayer\3rdparty\webrtc_jitter\modules\pacing\paced_sender.cc(271,1): error C1010: 在查找预编译头时遇到意外的文件结尾。是否忘记了向源中添加“#include "pch.h"”?
  aimd_rate_control.cc
E:\rtsp\MyPlayer\3rdparty\webrtc_jitter\modules\remote_bitrate_estimator\aimd_rate_control.cc(427,1): error C1010: 在查找预编译头时遇到意外的文件结尾。是否忘记了向源中添加“#include "pch.h"”?
  bwe_defines.cc
E:\rtsp\MyPlayer\3rdparty\webrtc_jitter\modules\remote_bitrate_estimator\bwe_defines.cc(37,1): error C1010: 在查找预编译头时遇到意外的文件结尾。是否忘记了向源中添加“#include "pch.h"”?
  inter_arrival.cc
E:\rtsp\MyPlayer\3rdparty\webrtc_jitter\modules\remote_bitrate_estimator\inter_arrival.cc(168,1): error C1010: 在查找预编译头时遇到意外的文件结尾。是否忘记了向源中添加“#include "pch.h"”?
  正在生成代码...
  正在编译...
  overuse_detector.cc
E:\rtsp\MyPlayer\3rdparty\webrtc_jitter\modules\remote_bitrate_estimator\overuse_detector.cc(158,1): error C1010: 在查找预编译头时遇到意外的文件结尾。是否忘记了向源中添加“#include "pch.h"”?
  overuse_estimator.cc
E:\rtsp\MyPlayer\3rdparty\webrtc_jitter\modules\remote_bitrate_estimator\overuse_estimator.cc(150,1): error C1010: 在查找预编译头时遇到意外的文件结尾。是否忘记了向源中添加“#include "pch.h"”?
  remote_bitrate_estimator_abs_send_time.cc
E:\rtsp\MyPlayer\3rdparty\webrtc_jitter\modules\remote_bitrate_estimator\remote_bitrate_estimator_abs_send_time.cc(374,1): error C1010: 在查找预编译头时遇到意外的文件结尾。是否忘记了向源中添加“#include "pch.h"”?
  rtp_rtcp_defines.cc
E:\rtsp\MyPlayer\3rdparty\webrtc_jitter\modules\rtp_rtcp\include\rtp_rtcp_defines.cc(113,1): error C1010: 在查找预编译头时遇到意外的文件结尾。是否忘记了向源中添加“#include "pch.h"”?
  fec_private_tables_bursty.cc
E:\rtsp\MyPlayer\3rdparty\webrtc_jitter\modules\rtp_rtcp\source\fec_private_tables_bursty.cc(661,1): error C1010: 在查找预编译头时遇到意外的文件结尾。是否忘记了向源中添加“#include "pch.h"”?
  fec_private_tables_random.cc
E:\rtsp\MyPlayer\3rdparty\webrtc_jitter\modules\rtp_rtcp\source\fec_private_tables_random.cc(661,1): error C1010: 在查找预编译头时遇到意外的文件结尾。是否忘记了向源中添加“#include "pch.h"”?
  flexfec_header_reader_writer.cc
E:\rtsp\MyPlayer\3rdparty\webrtc_jitter\modules\rtp_rtcp\source\flexfec_header_reader_writer.cc(315,1): error C1010: 在查找预编译头时遇到意外的文件结尾。是否忘记了向源中添加“#include "pch.h"”?
  flexfec_receiver.cc
E:\rtsp\MyPlayer\3rdparty\webrtc_jitter\modules\rtp_rtcp\source\flexfec_receiver.cc(180,1): error C1010: 在查找预编译头时遇到意外的文件结尾。是否忘记了向源中添加“#include "pch.h"”?
  flexfec_sender.cc
E:\rtsp\MyPlayer\3rdparty\webrtc_jitter\modules\rtp_rtcp\source\flexfec_sender.cc(188,1): error C1010: 在查找预编译头时遇到意外的文件结尾。是否忘记了向源中添加“#include "pch.h"”?
  forward_error_correction.cc
E:\rtsp\MyPlayer\3rdparty\webrtc_jitter\modules\rtp_rtcp\source\forward_error_correction.cc(783,1): error C1010: 在查找预编译头时遇到意外的文件结尾。是否忘记了向源中添加“#include "pch.h"”?
  forward_error_correction_internal.cc
E:\rtsp\MyPlayer\3rdparty\webrtc_jitter\modules\rtp_rtcp\source\forward_error_correction_internal.cc(520,1): error C1010: 在查找预编译头时遇到意外的文件结尾。是否忘记了向源中添加“#include "pch.h"”?
  remote_ntp_time_estimator.cc
E:\rtsp\MyPlayer\3rdparty\webrtc_jitter\modules\rtp_rtcp\source\remote_ntp_time_estimator.cc(86,1): error C1010: 在查找预编译头时遇到意外的文件结尾。是否忘记了向源中添加“#include "pch.h"”?
  rtp_dependency_descriptor_extension.cc
E:\rtsp\MyPlayer\3rdparty\webrtc_jitter\modules\rtp_rtcp\source\rtp_dependency_descriptor_extension.cc(19,1): error C1010: 在查找预编译头时遇到意外的文件结尾。是否忘记了向源中添加“#include "pch.h"”?
  rtp_format.cc
E:\rtsp\MyPlayer\3rdparty\webrtc_jitter\modules\rtp_rtcp\source\rtp_format.cc(160,1): error C1010: 在查找预编译头时遇到意外的文件结尾。是否忘记了向源中添加“#include "pch.h"”?
  rtp_format_h264.cc
E:\rtsp\MyPlayer\3rdparty\webrtc_jitter\modules\rtp_rtcp\source\rtp_format_h264.cc(614,1): error C1010: 在查找预编译头时遇到意外的文件结尾。是否忘记了向源中添加“#include "pch.h"”?
  rtp_format_video_generic.cc
E:\rtsp\MyPlayer\3rdparty\webrtc_jitter\modules\rtp_rtcp\source\rtp_format_video_generic.cc(149,1): error C1010: 在查找预编译头时遇到意外的文件结尾。是否忘记了向源中添加“#include "pch.h"”?
  rtp_format_vp8.cc
E:\rtsp\MyPlayer\3rdparty\webrtc_jitter\modules\rtp_rtcp\source\rtp_format_vp8.cc(379,1): error C1010: 在查找预编译头时遇到意外的文件结尾。是否忘记了向源中添加“#include "pch.h"”?
  rtp_format_vp9.cc
E:\rtsp\MyPlayer\3rdparty\webrtc_jitter\modules\rtp_rtcp\source\rtp_format_vp9.cc(663,1): error C1010: 在查找预编译头时遇到意外的文件结尾。是否忘记了向源中添加“#include "pch.h"”?
  rtp_generic_frame_descriptor.cc
E:\rtsp\MyPlayer\3rdparty\webrtc_jitter\modules\rtp_rtcp\source\rtp_generic_frame_descriptor.cc(119,1): error C1010: 在查找预编译头时遇到意外的文件结尾。是否忘记了向源中添加“#include "pch.h"”?
  rtp_generic_frame_descriptor_extension.cc
E:\rtsp\MyPlayer\3rdparty\webrtc_jitter\modules\rtp_rtcp\source\rtp_generic_frame_descriptor_extension.cc(232,1): error C1010: 在查找预编译头时遇到意外的文件结尾。是否忘记了向源中添加“#include "pch.h"”?
  正在生成代码...
  正在编译...
  rtp_header_extensions.cc
E:\rtsp\MyPlayer\3rdparty\webrtc_jitter\modules\rtp_rtcp\source\rtp_header_extensions.cc(848,1): error C1010: 在查找预编译头时遇到意外的文件结尾。是否忘记了向源中添加“#include "pch.h"”?
  rtp_header_extension_map.cc
E:\rtsp\MyPlayer\3rdparty\webrtc_jitter\modules\rtp_rtcp\source\rtp_header_extension_map.cc(149,1): error C1010: 在查找预编译头时遇到意外的文件结尾。是否忘记了向源中添加“#include "pch.h"”?
  rtp_header_extension_size.cc
E:\rtsp\MyPlayer\3rdparty\webrtc_jitter\modules\rtp_rtcp\source\rtp_header_extension_size.cc(49,1): error C1010: 在查找预编译头时遇到意外的文件结尾。是否忘记了向源中添加“#include "pch.h"”?
  rtp_packet.cc
E:\rtsp\MyPlayer\3rdparty\webrtc_jitter\modules\rtp_rtcp\source\rtp_packet.cc(665,1): error C1010: 在查找预编译头时遇到意外的文件结尾。是否忘记了向源中添加“#include "pch.h"”?
  rtp_packet_received.cc
E:\rtsp\MyPlayer\3rdparty\webrtc_jitter\modules\rtp_rtcp\source\rtp_packet_received.cc(82,1): error C1010: 在查找预编译头时遇到意外的文件结尾。是否忘记了向源中添加“#include "pch.h"”?
  rtp_packet_to_send.cc
E:\rtsp\MyPlayer\3rdparty\webrtc_jitter\modules\rtp_rtcp\source\rtp_packet_to_send.cc(32,1): error C1010: 在查找预编译头时遇到意外的文件结尾。是否忘记了向源中添加“#include "pch.h"”?
  rtp_utility.cc
E:\rtsp\MyPlayer\3rdparty\webrtc_jitter\modules\rtp_rtcp\source\rtp_utility.cc(559,1): error C1010: 在查找预编译头时遇到意外的文件结尾。是否忘记了向源中添加“#include "pch.h"”?
  rtp_video_header.cc
E:\rtsp\MyPlayer\3rdparty\webrtc_jitter\modules\rtp_rtcp\source\rtp_video_header.cc(25,1): error C1010: 在查找预编译头时遇到意外的文件结尾。是否忘记了向源中添加“#include "pch.h"”?
  ulpfec_generator.cc
E:\rtsp\MyPlayer\3rdparty\webrtc_jitter\modules\rtp_rtcp\source\ulpfec_generator.cc(259,1): error C1010: 在查找预编译头时遇到意外的文件结尾。是否忘记了向源中添加“#include "pch.h"”?
  ulpfec_header_reader_writer.cc
E:\rtsp\MyPlayer\3rdparty\webrtc_jitter\modules\rtp_rtcp\source\ulpfec_header_reader_writer.cc(133,1): error C1010: 在查找预编译头时遇到意外的文件结尾。是否忘记了向源中添加“#include "pch.h"”?
  ulpfec_receiver_impl.cc
E:\rtsp\MyPlayer\3rdparty\webrtc_jitter\modules\rtp_rtcp\source\ulpfec_receiver_impl.cc(220,1): error C1010: 在查找预编译头时遇到意外的文件结尾。是否忘记了向源中添加“#include "pch.h"”?
  h264.cc
E:\rtsp\MyPlayer\3rdparty\webrtc_jitter\modules\video_coding\codecs\h264\h264.cc(122,1): error C1010: 在查找预编译头时遇到意外的文件结尾。是否忘记了向源中添加“#include "pch.h"”?
  h264_color_space.cc
E:\rtsp\MyPlayer\3rdparty\webrtc_jitter\modules\video_coding\codecs\h264\h264_color_space.cc(179,1): error C1010: 在查找预编译头时遇到意外的文件结尾。是否忘记了向源中添加“#include "pch.h"”?
  h264_decoder_impl.cc
E:\rtsp\MyPlayer\3rdparty\webrtc_jitter\modules\video_coding\codecs\h264\h264_decoder_impl.cc(386,1): error C1010: 在查找预编译头时遇到意外的文件结尾。是否忘记了向源中添加“#include "pch.h"”?
  h264_encoder_impl.cc
E:\rtsp\MyPlayer\3rdparty\webrtc_jitter\modules\video_coding\codecs\h264\h264_encoder_impl.cc(639,1): error C1010: 在查找预编译头时遇到意外的文件结尾。是否忘记了向源中添加“#include "pch.h"”?
  h264_encoder_impl_unittest.cc
E:\rtsp\MyPlayer\3rdparty\webrtc_jitter\modules\video_coding\codecs\h264\h264_encoder_impl_unittest.cc(90,1): error C1010: 在查找预编译头时遇到意外的文件结尾。是否忘记了向源中添加“#include "pch.h"”?
  h264_simulcast_unittest.cc
E:\rtsp\MyPlayer\3rdparty\webrtc_jitter\modules\video_coding\codecs\h264\h264_simulcast_unittest.cc(105,1): error C1010: 在查找预编译头时遇到意外的文件结尾。是否忘记了向源中添加“#include "pch.h"”?
  h264_impl_unittest.cc
E:\rtsp\MyPlayer\3rdparty\webrtc_jitter\modules\video_coding\codecs\h264\test\h264_impl_unittest.cc(53,9): warning C4005: “MAYBE_EncodeDecode”: 宏重定义
      E:\rtsp\MyPlayer\3rdparty\webrtc_jitter\modules\video_coding\codecs\h264\test\h264_impl_unittest.cc(50,9):
      参见“MAYBE_EncodeDecode”的前一个定义
  
E:\rtsp\MyPlayer\3rdparty\webrtc_jitter\modules\video_coding\codecs\h264\test\h264_impl_unittest.cc(54,9): warning C4005: “MAYBE_DecodedQpEqualsEncodedQp”: 宏重定义
      E:\rtsp\MyPlayer\3rdparty\webrtc_jitter\modules\video_coding\codecs\h264\test\h264_impl_unittest.cc(51,9):
      参见“MAYBE_DecodedQpEqualsEncodedQp”的前一个定义
  
E:\rtsp\MyPlayer\3rdparty\webrtc_jitter\modules\video_coding\codecs\h264\test\h264_impl_unittest.cc(101,1): error C1010: 在查找预编译头时遇到意外的文件结尾。是否忘记了向源中添加“#include "pch.h"”?
  augmented_video_frame_buffer.cc
E:\rtsp\MyPlayer\3rdparty\webrtc_jitter\modules\video_coding\codecs\multiplex\augmented_video_frame_buffer.cc(58,1): error C1010: 在查找预编译头时遇到意外的文件结尾。是否忘记了向源中添加“#include "pch.h"”?
  multiplex_decoder_adapter.cc
E:\rtsp\MyPlayer\3rdparty\webrtc_jitter\modules\video_coding\codecs\multiplex\multiplex_decoder_adapter.cc(270,1): error C1010: 在查找预编译头时遇到意外的文件结尾。是否忘记了向源中添加“#include "pch.h"”?
  正在生成代码...
  正在编译...
  multiplex_encoded_image_packer.cc
E:\rtsp\MyPlayer\3rdparty\webrtc_jitter\modules\video_coding\codecs\multiplex\multiplex_encoded_image_packer.cc(278,1): error C1010: 在查找预编译头时遇到意外的文件结尾。是否忘记了向源中添加“#include "pch.h"”?
  multiplex_encoder_adapter.cc
E:\rtsp\MyPlayer\3rdparty\webrtc_jitter\modules\video_coding\codecs\multiplex\multiplex_encoder_adapter.cc(330,1): error C1010: 在查找预编译头时遇到意外的文件结尾。是否忘记了向源中添加“#include "pch.h"”?
  multiplex_adapter_unittest.cc
E:\rtsp\MyPlayer\3rdparty\webrtc_jitter\modules\video_coding\codecs\multiplex\test\multiplex_adapter_unittest.cc(327,1): error C1010: 在查找预编译头时遇到意外的文件结尾。是否忘记了向源中添加“#include "pch.h"”?
  android_codec_factory_helper.cc
E:\rtsp\MyPlayer\3rdparty\webrtc_jitter\modules\video_coding\codecs\test\android_codec_factory_helper.cc(86,1): error C1010: 在查找预编译头时遇到意外的文件结尾。是否忘记了向源中添加“#include "pch.h"”?
  videocodec_test_fixture_config_unittest.cc
E:\rtsp\MyPlayer\3rdparty\webrtc_jitter\modules\video_coding\codecs\test\videocodec_test_fixture_config_unittest.cc(64,1): error C1010: 在查找预编译头时遇到意外的文件结尾。是否忘记了向源中添加“#include "pch.h"”?
  videocodec_test_fixture_impl.cc
E:\rtsp\MyPlayer\3rdparty\webrtc_jitter\modules\video_coding\codecs\test\videocodec_test_fixture_impl.cc(744,1): error C1010: 在查找预编译头时遇到意外的文件结尾。是否忘记了向源中添加“#include "pch.h"”?
  videocodec_test_libvpx.cc
E:\rtsp\MyPlayer\3rdparty\webrtc_jitter\modules\video_coding\codecs\test\videocodec_test_libvpx.cc(238,9): warning C4005: “MAYBE_ChangeBitrateVP8”: 宏重定义
      E:\rtsp\MyPlayer\3rdparty\webrtc_jitter\modules\video_coding\codecs\test\videocodec_test_libvpx.cc(236,9):
      参见“MAYBE_ChangeBitrateVP8”的前一个定义
  
E:\rtsp\MyPlayer\3rdparty\webrtc_jitter\modules\video_coding\codecs\test\videocodec_test_libvpx.cc(272,9): warning C4005: “MAYBE_ChangeFramerateVP8”: 宏重定义
      E:\rtsp\MyPlayer\3rdparty\webrtc_jitter\modules\video_coding\codecs\test\videocodec_test_libvpx.cc(270,9):
      参见“MAYBE_ChangeFramerateVP8”的前一个定义
  
E:\rtsp\MyPlayer\3rdparty\webrtc_jitter\modules\video_coding\codecs\test\videocodec_test_libvpx.cc(312,9): warning C4005: “MAYBE_TemporalLayersVP8”: 宏重定义
      E:\rtsp\MyPlayer\3rdparty\webrtc_jitter\modules\video_coding\codecs\test\videocodec_test_libvpx.cc(310,9):
      参见“MAYBE_TemporalLayersVP8”的前一个定义
  
E:\rtsp\MyPlayer\3rdparty\webrtc_jitter\modules\video_coding\codecs\test\videocodec_test_libvpx.cc(345,9): warning C4005: “MAYBE_MultiresVP8”: 宏重定义
      E:\rtsp\MyPlayer\3rdparty\webrtc_jitter\modules\video_coding\codecs\test\videocodec_test_libvpx.cc(343,9):
      参见“MAYBE_MultiresVP8”的前一个定义
  
E:\rtsp\MyPlayer\3rdparty\webrtc_jitter\modules\video_coding\codecs\test\videocodec_test_libvpx.cc(374,9): warning C4005: “MAYBE_SimulcastVP8”: 宏重定义
      E:\rtsp\MyPlayer\3rdparty\webrtc_jitter\modules\video_coding\codecs\test\videocodec_test_libvpx.cc(372,9):
      参见“MAYBE_SimulcastVP8”的前一个定义
  
E:\rtsp\MyPlayer\3rdparty\webrtc_jitter\modules\video_coding\codecs\test\videocodec_test_libvpx.cc(411,9): warning C4005: “MAYBE_SvcVP9”: 宏重定义
      E:\rtsp\MyPlayer\3rdparty\webrtc_jitter\modules\video_coding\codecs\test\videocodec_test_libvpx.cc(409,9):
      参见“MAYBE_SvcVP9”的前一个定义
  
E:\rtsp\MyPlayer\3rdparty\webrtc_jitter\modules\video_coding\codecs\test\videocodec_test_libvpx.cc(487,1): error C1010: 在查找预编译头时遇到意外的文件结尾。是否忘记了向源中添加“#include "pch.h"”?
  videocodec_test_mediacodec.cc
E:\rtsp\MyPlayer\3rdparty\webrtc_jitter\modules\video_coding\codecs\test\videocodec_test_mediacodec.cc(149,1): error C1010: 在查找预编译头时遇到意外的文件结尾。是否忘记了向源中添加“#include "pch.h"”?
  videocodec_test_openh264.cc
E:\rtsp\MyPlayer\3rdparty\webrtc_jitter\modules\video_coding\codecs\test\videocodec_test_openh264.cc(88,1): error C1010: 在查找预编译头时遇到意外的文件结尾。是否忘记了向源中添加“#include "pch.h"”?
  videocodec_test_stats_impl.cc
E:\rtsp\MyPlayer\3rdparty\webrtc_jitter\modules\video_coding\codecs\test\videocodec_test_stats_impl.cc(387,1): error C1010: 在查找预编译头时遇到意外的文件结尾。是否忘记了向源中添加“#include "pch.h"”?
  videocodec_test_stats_impl_unittest.cc
E:\rtsp\MyPlayer\3rdparty\webrtc_jitter\modules\video_coding\codecs\test\videocodec_test_stats_impl_unittest.cc(91,1): error C1010: 在查找预编译头时遇到意外的文件结尾。是否忘记了向源中添加“#include "pch.h"”?
  videocodec_test_videotoolbox.cc
E:\rtsp\MyPlayer\3rdparty\webrtc_jitter\modules\video_coding\codecs\test\videocodec_test_videotoolbox.cc(89,1): error C1010: 在查找预编译头时遇到意外的文件结尾。是否忘记了向源中添加“#include "pch.h"”?
  videoprocessor.cc
E:\rtsp\MyPlayer\3rdparty\webrtc_jitter\modules\video_coding\codecs\test\videoprocessor.cc(592,1): error C1010: 在查找预编译头时遇到意外的文件结尾。是否忘记了向源中添加“#include "pch.h"”?
  videoprocessor_unittest.cc
E:\rtsp\MyPlayer\3rdparty\webrtc_jitter\modules\video_coding\codecs\test\videoprocessor_unittest.cc(201,1): error C1010: 在查找预编译头时遇到意外的文件结尾。是否忘记了向源中添加“#include "pch.h"”?
  video_codec_unittest.cc
E:\rtsp\MyPlayer\3rdparty\webrtc_jitter\modules\video_coding\codecs\test\video_codec_unittest.cc(172,1): error C1010: 在查找预编译头时遇到意外的文件结尾。是否忘记了向源中添加“#include "pch.h"”?
  video_encoder_decoder_instantiation_tests.cc
E:\rtsp\MyPlayer\3rdparty\webrtc_jitter\modules\video_coding\codecs\test\video_encoder_decoder_instantiation_tests.cc(153,1): error C1010: 在查找预编译头时遇到意外的文件结尾。是否忘记了向源中添加“#include "pch.h"”?
  default_temporal_layers.cc
E:\rtsp\MyPlayer\3rdparty\webrtc_jitter\modules\video_coding\codecs\vp8\default_temporal_layers.cc(829,1): error C1010: 在查找预编译头时遇到意外的文件结尾。是否忘记了向源中添加“#include "pch.h"”?
  default_temporal_layers_unittest.cc
E:\rtsp\MyPlayer\3rdparty\webrtc_jitter\modules\video_coding\codecs\vp8\default_temporal_layers_unittest.cc(807,1): error C1010: 在查找预编译头时遇到意外的文件结尾。是否忘记了向源中添加“#include "pch.h"”?
  libvpx_interface.cc
E:\rtsp\MyPlayer\3rdparty\webrtc_jitter\modules\video_coding\codecs\vp8\libvpx_interface.cc(206,1): error C1010: 在查找预编译头时遇到意外的文件结尾。是否忘记了向源中添加“#include "pch.h"”?
  libvpx_vp8_decoder.cc
E:\rtsp\MyPlayer\3rdparty\webrtc_jitter\modules\video_coding\codecs\vp8\libvpx_vp8_decoder.cc(359,1): error C1010: 在查找预编译头时遇到意外的文件结尾。是否忘记了向源中添加“#include "pch.h"”?
  正在生成代码...
  正在编译...
  libvpx_vp8_encoder.cc
E:\rtsp\MyPlayer\3rdparty\webrtc_jitter\modules\video_coding\codecs\vp8\libvpx_vp8_encoder.cc(1275,1): error C1010: 在查找预编译头时遇到意外的文件结尾。是否忘记了向源中添加“#include "pch.h"”?
  libvpx_vp8_simulcast_test.cc
E:\rtsp\MyPlayer\3rdparty\webrtc_jitter\modules\video_coding\codecs\vp8\libvpx_vp8_simulcast_test.cc(110,1): error C1010: 在查找预编译头时遇到意外的文件结尾。是否忘记了向源中添加“#include "pch.h"”?
  screenshare_layers.cc
E:\rtsp\MyPlayer\3rdparty\webrtc_jitter\modules\video_coding\codecs\vp8\screenshare_layers.cc(626,1): error C1010: 在查找预编译头时遇到意外的文件结尾。是否忘记了向源中添加“#include "pch.h"”?
  screenshare_layers_unittest.cc
E:\rtsp\MyPlayer\3rdparty\webrtc_jitter\modules\video_coding\codecs\vp8\screenshare_layers_unittest.cc(780,1): error C1010: 在查找预编译头时遇到意外的文件结尾。是否忘记了向源中添加“#include "pch.h"”?
  temporal_layers_checker.cc
E:\rtsp\MyPlayer\3rdparty\webrtc_jitter\modules\video_coding\codecs\vp8\temporal_layers_checker.cc(145,1): error C1010: 在查找预编译头时遇到意外的文件结尾。是否忘记了向源中添加“#include "pch.h"”?
  vp8_impl_unittest.cc
E:\rtsp\MyPlayer\3rdparty\webrtc_jitter\modules\video_coding\codecs\vp8\test\vp8_impl_unittest.cc(376,9): warning C4005: “MAYBE_AlignedStrideEncodeDecode”: 宏重定义
      E:\rtsp\MyPlayer\3rdparty\webrtc_jitter\modules\video_coding\codecs\vp8\test\vp8_impl_unittest.cc(374,9):
      参见“MAYBE_AlignedStrideEncodeDecode”的前一个定义
  
E:\rtsp\MyPlayer\3rdparty\webrtc_jitter\modules\video_coding\codecs\vp8\test\vp8_impl_unittest.cc(404,9): warning C4005: “MAYBE_DecodeWithACompleteKeyFrame”: 宏重定义
      E:\rtsp\MyPlayer\3rdparty\webrtc_jitter\modules\video_coding\codecs\vp8\test\vp8_impl_unittest.cc(402,9):
      参见“MAYBE_DecodeWithACompleteKeyFrame”的前一个定义
  
E:\rtsp\MyPlayer\3rdparty\webrtc_jitter\modules\video_coding\codecs\vp8\test\vp8_impl_unittest.cc(651,1): error C1010: 在查找预编译头时遇到意外的文件结尾。是否忘记了向源中添加“#include "pch.h"”?
  svc_config.cc
E:\rtsp\MyPlayer\3rdparty\webrtc_jitter\modules\video_coding\codecs\vp9\svc_config.cc(130,1): error C1010: 在查找预编译头时遇到意外的文件结尾。是否忘记了向源中添加“#include "pch.h"”?
  svc_config_unittest.cc
E:\rtsp\MyPlayer\3rdparty\webrtc_jitter\modules\video_coding\codecs\vp9\svc_config_unittest.cc(66,1): error C1010: 在查找预编译头时遇到意外的文件结尾。是否忘记了向源中添加“#include "pch.h"”?
  svc_rate_allocator.cc
E:\rtsp\MyPlayer\3rdparty\webrtc_jitter\modules\video_coding\codecs\vp9\svc_rate_allocator.cc(274,1): error C1010: 在查找预编译头时遇到意外的文件结尾。是否忘记了向源中添加“#include "pch.h"”?
  svc_rate_allocator_unittest.cc
E:\rtsp\MyPlayer\3rdparty\webrtc_jitter\modules\video_coding\codecs\vp9\svc_rate_allocator_unittest.cc(262,1): error C1010: 在查找预编译头时遇到意外的文件结尾。是否忘记了向源中添加“#include "pch.h"”?
  vp9_impl_unittest.cc
E:\rtsp\MyPlayer\3rdparty\webrtc_jitter\modules\video_coding\codecs\vp9\test\vp9_impl_unittest.cc(1443,1): error C1010: 在查找预编译头时遇到意外的文件结尾。是否忘记了向源中添加“#include "pch.h"”?
  vp9.cc
E:\rtsp\MyPlayer\3rdparty\webrtc_jitter\modules\video_coding\codecs\vp9\vp9.cc(76,1): error C1010: 在查找预编译头时遇到意外的文件结尾。是否忘记了向源中添加“#include "pch.h"”?
  vp9_frame_buffer_pool.cc
E:\rtsp\MyPlayer\3rdparty\webrtc_jitter\modules\video_coding\codecs\vp9\vp9_frame_buffer_pool.cc(144,1): error C1010: 在查找预编译头时遇到意外的文件结尾。是否忘记了向源中添加“#include "pch.h"”?
  vp9_impl.cc
E:\rtsp\MyPlayer\3rdparty\webrtc_jitter\modules\video_coding\codecs\vp9\vp9_impl.cc(1771,1): error C1010: 在查找预编译头时遇到意外的文件结尾。是否忘记了向源中添加“#include "pch.h"”?
  codec_timer.cc
E:\rtsp\MyPlayer\3rdparty\webrtc_jitter\modules\video_coding\codec_timer.cc(60,1): error C1010: 在查找预编译头时遇到意外的文件结尾。是否忘记了向源中添加“#include "pch.h"”?
  decoder_database.cc
E:\rtsp\MyPlayer\3rdparty\webrtc_jitter\modules\video_coding\decoder_database.cc(199,1): error C1010: 在查找预编译头时遇到意外的文件结尾。是否忘记了向源中添加“#include "pch.h"”?
  decoding_state.cc
E:\rtsp\MyPlayer\3rdparty\webrtc_jitter\modules\video_coding\decoding_state.cc(368,1): error C1010: 在查找预编译头时遇到意外的文件结尾。是否忘记了向源中添加“#include "pch.h"”?
  decoding_state_unittest.cc
E:\rtsp\MyPlayer\3rdparty\webrtc_jitter\modules\video_coding\decoding_state_unittest.cc(714,1): error C1010: 在查找预编译头时遇到意外的文件结尾。是否忘记了向源中添加“#include "pch.h"”?
  encoded_frame.cc
E:\rtsp\MyPlayer\3rdparty\webrtc_jitter\modules\video_coding\encoded_frame.cc(175,1): error C1010: 在查找预编译头时遇到意外的文件结尾。是否忘记了向源中添加“#include "pch.h"”?
  fec_controller_default.cc
E:\rtsp\MyPlayer\3rdparty\webrtc_jitter\modules\video_coding\fec_controller_default.cc(212,1): error C1010: 在查找预编译头时遇到意外的文件结尾。是否忘记了向源中添加“#include "pch.h"”?
  正在生成代码...
  正在编译...
  frame_buffer.cc
E:\rtsp\MyPlayer\3rdparty\webrtc_jitter\modules\video_coding\frame_buffer.cc(254,1): error C1010: 在查找预编译头时遇到意外的文件结尾。是否忘记了向源中添加“#include "pch.h"”?
  frame_buffer2.cc
E:\rtsp\MyPlayer\3rdparty\webrtc_jitter\modules\video_coding\frame_buffer2.cc(776,1): error C1010: 在查找预编译头时遇到意外的文件结尾。是否忘记了向源中添加“#include "pch.h"”?
  frame_object.cc
E:\rtsp\MyPlayer\3rdparty\webrtc_jitter\modules\video_coding\frame_object.cc(176,1): error C1010: 在查找预编译头时遇到意外的文件结尾。是否忘记了向源中添加“#include "pch.h"”?
  generic_decoder.cc
E:\rtsp\MyPlayer\3rdparty\webrtc_jitter\modules\video_coding\generic_decoder.cc(248,1): error C1010: 在查找预编译头时遇到意外的文件结尾。是否忘记了向源中添加“#include "pch.h"”?
  h264_sprop_parameter_sets.cc
E:\rtsp\MyPlayer\3rdparty\webrtc_jitter\modules\video_coding\h264_sprop_parameter_sets.cc(54,1): error C1010: 在查找预编译头时遇到意外的文件结尾。是否忘记了向源中添加“#include "pch.h"”?
  h264_sps_pps_tracker.cc
E:\rtsp\MyPlayer\3rdparty\webrtc_jitter\modules\video_coding\h264_sps_pps_tracker.cc(280,1): error C1010: 在查找预编译头时遇到意外的文件结尾。是否忘记了向源中添加“#include "pch.h"”?
  histogram.cc
E:\rtsp\MyPlayer\3rdparty\webrtc_jitter\modules\video_coding\histogram.cc(62,1): error C1010: 在查找预编译头时遇到意外的文件结尾。是否忘记了向源中添加“#include "pch.h"”?
  histogram_unittest.cc
E:\rtsp\MyPlayer\3rdparty\webrtc_jitter\modules\video_coding\histogram_unittest.cc(78,1): error C1010: 在查找预编译头时遇到意外的文件结尾。是否忘记了向源中添加“#include "pch.h"”?
  video_codec_interface.cc
E:\rtsp\MyPlayer\3rdparty\webrtc_jitter\modules\video_coding\include\video_codec_interface.cc(21,1): error C1010: 在查找预编译头时遇到意外的文件结尾。是否忘记了向源中添加“#include "pch.h"”?
  inter_frame_delay.cc
E:\rtsp\MyPlayer\3rdparty\webrtc_jitter\modules\video_coding\inter_frame_delay.cc(95,1): error C1010: 在查找预编译头时遇到意外的文件结尾。是否忘记了向源中添加“#include "pch.h"”?
  jitter_buffer.cc
E:\rtsp\MyPlayer\3rdparty\webrtc_jitter\modules\video_coding\jitter_buffer.cc(896,1): error C1010: 在查找预编译头时遇到意外的文件结尾。是否忘记了向源中添加“#include "pch.h"”?
  jitter_buffer_unittest.cc
E:\rtsp\MyPlayer\3rdparty\webrtc_jitter\modules\video_coding\jitter_buffer_unittest.cc(1850,1): error C1010: 在查找预编译头时遇到意外的文件结尾。是否忘记了向源中添加“#include "pch.h"”?
  jitter_estimator.cc
E:\rtsp\MyPlayer\3rdparty\webrtc_jitter\modules\video_coding\jitter_estimator.cc(432,1): error C1010: 在查找预编译头时遇到意外的文件结尾。是否忘记了向源中添加“#include "pch.h"”?
  jitter_estimator_tests.cc
E:\rtsp\MyPlayer\3rdparty\webrtc_jitter\modules\video_coding\jitter_estimator_tests.cc(149,1): error C1010: 在查找预编译头时遇到意外的文件结尾。是否忘记了向源中添加“#include "pch.h"”?
  loss_notification_controller.cc
E:\rtsp\MyPlayer\3rdparty\webrtc_jitter\modules\video_coding\loss_notification_controller.cc(190,1): error C1010: 在查找预编译头时遇到意外的文件结尾。是否忘记了向源中添加“#include "pch.h"”?
  media_opt_util.cc
E:\rtsp\MyPlayer\3rdparty\webrtc_jitter\modules\video_coding\media_opt_util.cc(703,1): error C1010: 在查找预编译头时遇到意外的文件结尾。是否忘记了向源中添加“#include "pch.h"”?
  nack_module.cc
E:\rtsp\MyPlayer\3rdparty\webrtc_jitter\modules\video_coding\nack_module.cc(288,1): error C1010: 在查找预编译头时遇到意外的文件结尾。是否忘记了向源中添加“#include "pch.h"”?
  packet.cc
E:\rtsp\MyPlayer\3rdparty\webrtc_jitter\modules\video_coding\packet.cc(71,1): error C1010: 在查找预编译头时遇到意外的文件结尾。是否忘记了向源中添加“#include "pch.h"”?
  packet_buffer.cc
E:\rtsp\MyPlayer\3rdparty\webrtc_jitter\modules\video_coding\packet_buffer.cc(522,1): error C1010: 在查找预编译头时遇到意外的文件结尾。是否忘记了向源中添加“#include "pch.h"”?
  receiver.cc
E:\rtsp\MyPlayer\3rdparty\webrtc_jitter\modules\video_coding\receiver.cc(208,1): error C1010: 在查找预编译头时遇到意外的文件结尾。是否忘记了向源中添加“#include "pch.h"”?
  正在生成代码...
  正在编译...
  rtp_frame_reference_finder.cc
E:\rtsp\MyPlayer\3rdparty\webrtc_jitter\modules\video_coding\rtp_frame_reference_finder.cc(864,1): error C1010: 在查找预编译头时遇到意外的文件结尾。是否忘记了向源中添加“#include "pch.h"”?
  rtt_filter.cc
E:\rtsp\MyPlayer\3rdparty\webrtc_jitter\modules\video_coding\rtt_filter.cc(166,1): error C1010: 在查找预编译头时遇到意外的文件结尾。是否忘记了向源中添加“#include "pch.h"”?
  session_info.cc
E:\rtsp\MyPlayer\3rdparty\webrtc_jitter\modules\video_coding\session_info.cc(526,1): error C1010: 在查找预编译头时遇到意外的文件结尾。是否忘记了向源中添加“#include "pch.h"”?
  session_info_unittest.cc
E:\rtsp\MyPlayer\3rdparty\webrtc_jitter\modules\video_coding\session_info_unittest.cc(471,1): error C1010: 在查找预编译头时遇到意外的文件结尾。是否忘记了向源中添加“#include "pch.h"”?
  stream_generator.cc
E:\rtsp\MyPlayer\3rdparty\webrtc_jitter\modules\video_coding\test\stream_generator.cc(130,1): error C1010: 在查找预编译头时遇到意外的文件结尾。是否忘记了向源中添加“#include "pch.h"”?
  timestamp_map.cc
E:\rtsp\MyPlayer\3rdparty\webrtc_jitter\modules\video_coding\timestamp_map.cc(64,1): error C1010: 在查找预编译头时遇到意外的文件结尾。是否忘记了向源中添加“#include "pch.h"”?
  timing.cc
E:\rtsp\MyPlayer\3rdparty\webrtc_jitter\modules\video_coding\timing.cc(250,1): error C1010: 在查找预编译头时遇到意外的文件结尾。是否忘记了向源中添加“#include "pch.h"”?
  timing_unittest.cc
E:\rtsp\MyPlayer\3rdparty\webrtc_jitter\modules\video_coding\timing_unittest.cc(131,1): error C1010: 在查找预编译头时遇到意外的文件结尾。是否忘记了向源中添加“#include "pch.h"”?
  decoded_frames_history.cc
E:\rtsp\MyPlayer\3rdparty\webrtc_jitter\modules\video_coding\utility\decoded_frames_history.cc(118,1): error C1010: 在查找预编译头时遇到意外的文件结尾。是否忘记了向源中添加“#include "pch.h"”?
  decoded_frames_history_unittest.cc
E:\rtsp\MyPlayer\3rdparty\webrtc_jitter\modules\video_coding\utility\decoded_frames_history_unittest.cc(147,1): error C1010: 在查找预编译头时遇到意外的文件结尾。是否忘记了向源中添加“#include "pch.h"”?
  default_video_bitrate_allocator.cc
E:\rtsp\MyPlayer\3rdparty\webrtc_jitter\modules\video_coding\utility\default_video_bitrate_allocator.cc(56,1): error C1010: 在查找预编译头时遇到意外的文件结尾。是否忘记了向源中添加“#include "pch.h"”?
  default_video_bitrate_allocator_unittest.cc
E:\rtsp\MyPlayer\3rdparty\webrtc_jitter\modules\video_coding\utility\default_video_bitrate_allocator_unittest.cc(91,1): error C1010: 在查找预编译头时遇到意外的文件结尾。是否忘记了向源中添加“#include "pch.h"”?
  framerate_controller.cc
E:\rtsp\MyPlayer\3rdparty\webrtc_jitter\modules\video_coding\utility\framerate_controller.cc(84,1): error C1010: 在查找预编译头时遇到意外的文件结尾。是否忘记了向源中添加“#include "pch.h"”?
  framerate_controller_unittest.cc
E:\rtsp\MyPlayer\3rdparty\webrtc_jitter\modules\video_coding\utility\framerate_controller_unittest.cc(91,1): error C1010: 在查找预编译头时遇到意外的文件结尾。是否忘记了向源中添加“#include "pch.h"”?
  frame_dropper.cc
E:\rtsp\MyPlayer\3rdparty\webrtc_jitter\modules\video_coding\utility\frame_dropper.cc(269,1): error C1010: 在查找预编译头时遇到意外的文件结尾。是否忘记了向源中添加“#include "pch.h"”?
  frame_dropper_unittest.cc
E:\rtsp\MyPlayer\3rdparty\webrtc_jitter\modules\video_coding\utility\frame_dropper_unittest.cc(161,1): error C1010: 在查找预编译头时遇到意外的文件结尾。是否忘记了向源中添加“#include "pch.h"”?
  ivf_file_writer.cc
E:\rtsp\MyPlayer\3rdparty\webrtc_jitter\modules\video_coding\utility\ivf_file_writer.cc(200,1): error C1010: 在查找预编译头时遇到意外的文件结尾。是否忘记了向源中添加“#include "pch.h"”?
  ivf_file_writer_unittest.cc
E:\rtsp\MyPlayer\3rdparty\webrtc_jitter\modules\video_coding\utility\ivf_file_writer_unittest.cc(185,1): error C1010: 在查找预编译头时遇到意外的文件结尾。是否忘记了向源中添加“#include "pch.h"”?
  quality_scaler.cc
E:\rtsp\MyPlayer\3rdparty\webrtc_jitter\modules\video_coding\utility\quality_scaler.cc(243,1): error C1010: 在查找预编译头时遇到意外的文件结尾。是否忘记了向源中添加“#include "pch.h"”?
  quality_scaler_unittest.cc
E:\rtsp\MyPlayer\3rdparty\webrtc_jitter\modules\video_coding\utility\quality_scaler_unittest.cc(251,1): error C1010: 在查找预编译头时遇到意外的文件结尾。是否忘记了向源中添加“#include "pch.h"”?
  正在生成代码...
  正在编译...
  simulcast_rate_allocator.cc
E:\rtsp\MyPlayer\3rdparty\webrtc_jitter\modules\video_coding\utility\simulcast_rate_allocator.cc(319,1): error C1010: 在查找预编译头时遇到意外的文件结尾。是否忘记了向源中添加“#include "pch.h"”?
  simulcast_rate_allocator_unittest.cc
E:\rtsp\MyPlayer\3rdparty\webrtc_jitter\modules\video_coding\utility\simulcast_rate_allocator_unittest.cc(694,1): error C1010: 在查找预编译头时遇到意外的文件结尾。是否忘记了向源中添加“#include "pch.h"”?
  simulcast_test_fixture_impl.cc
E:\rtsp\MyPlayer\3rdparty\webrtc_jitter\modules\video_coding\utility\simulcast_test_fixture_impl.cc(920,1): error C1010: 在查找预编译头时遇到意外的文件结尾。是否忘记了向源中添加“#include "pch.h"”?
  simulcast_utility.cc
E:\rtsp\MyPlayer\3rdparty\webrtc_jitter\modules\video_coding\utility\simulcast_utility.cc(112,1): error C1010: 在查找预编译头时遇到意外的文件结尾。是否忘记了向源中添加“#include "pch.h"”?
  vp8_header_parser.cc
E:\rtsp\MyPlayer\3rdparty\webrtc_jitter\modules\video_coding\utility\vp8_header_parser.cc(207,1): error C1010: 在查找预编译头时遇到意外的文件结尾。是否忘记了向源中添加“#include "pch.h"”?
  vp9_uncompressed_header_parser.cc
E:\rtsp\MyPlayer\3rdparty\webrtc_jitter\modules\video_coding\utility\vp9_uncompressed_header_parser.cc(273,1): error C1010: 在查找预编译头时遇到意外的文件结尾。是否忘记了向源中添加“#include "pch.h"”?
  video_codec_initializer.cc
E:\rtsp\MyPlayer\3rdparty\webrtc_jitter\modules\video_coding\video_codec_initializer.cc(248,1): error C1010: 在查找预编译头时遇到意外的文件结尾。是否忘记了向源中添加“#include "pch.h"”?
  video_coding_defines.cc
E:\rtsp\MyPlayer\3rdparty\webrtc_jitter\modules\video_coding\video_coding_defines.cc(20,1): error C1010: 在查找预编译头时遇到意外的文件结尾。是否忘记了向源中添加“#include "pch.h"”?
  video_coding_impl.cc
E:\rtsp\MyPlayer\3rdparty\webrtc_jitter\modules\video_coding\video_coding_impl.cc(123,1): error C1010: 在查找预编译头时遇到意外的文件结尾。是否忘记了向源中添加“#include "pch.h"”?
  video_receiver.cc
E:\rtsp\MyPlayer\3rdparty\webrtc_jitter\modules\video_coding\video_receiver.cc(376,1): error C1010: 在查找预编译头时遇到意外的文件结尾。是否忘记了向源中添加“#include "pch.h"”?
  bit_buffer.cc
E:\rtsp\MyPlayer\3rdparty\webrtc_jitter\rtc_base\bit_buffer.cc(358,1): error C1010: 在查找预编译头时遇到意外的文件结尾。是否忘记了向源中添加“#include "pch.h"”?
  checks.cc
E:\rtsp\MyPlayer\3rdparty\webrtc_jitter\rtc_base\checks.cc(30,9): warning C4005: “LAST_SYSTEM_ERROR”: 宏重定义
      E:\rtsp\MyPlayer\3rdparty\webrtc_jitter\rtc_base\checks.cc(28,9):
      参见“LAST_SYSTEM_ERROR”的前一个定义
  
E:\rtsp\MyPlayer\3rdparty\webrtc_jitter\rtc_base\checks.cc(33,9): warning C4005: “LAST_SYSTEM_ERROR”: 宏重定义
      E:\rtsp\MyPlayer\3rdparty\webrtc_jitter\rtc_base\checks.cc(30,9):
      参见“LAST_SYSTEM_ERROR”的前一个定义
  
E:\rtsp\MyPlayer\3rdparty\webrtc_jitter\rtc_base\checks.cc(174,1): error C1010: 在查找预编译头时遇到意外的文件结尾。是否忘记了向源中添加“#include "pch.h"”?
  copy_on_write_buffer.cc
E:\rtsp\MyPlayer\3rdparty\webrtc_jitter\rtc_base\copy_on_write_buffer.cc(113,1): error C1010: 在查找预编译头时遇到意外的文件结尾。是否忘记了向源中添加“#include "pch.h"”?
  critical_section.cc
E:\rtsp\MyPlayer\3rdparty\webrtc_jitter\rtc_base\critical_section.cc(25,9): warning C4005: “RTC_CS_DEBUG_CODE”: 宏重定义
      E:\rtsp\MyPlayer\3rdparty\webrtc_jitter\rtc_base\critical_section.cc(23,9):
      参见“RTC_CS_DEBUG_CODE”的前一个定义
  
E:\rtsp\MyPlayer\3rdparty\webrtc_jitter\rtc_base\critical_section.cc(221,1): error C1010: 在查找预编译头时遇到意外的文件结尾。是否忘记了向源中添加“#include "pch.h"”?
  event.cc
E:\rtsp\MyPlayer\3rdparty\webrtc_jitter\rtc_base\event.cc(72,9): warning C4005: “USE_CLOCK_GETTIME”: 宏重定义
      E:\rtsp\MyPlayer\3rdparty\webrtc_jitter\rtc_base\event.cc(65,9):
      参见“USE_CLOCK_GETTIME”的前一个定义
  
E:\rtsp\MyPlayer\3rdparty\webrtc_jitter\rtc_base\event.cc(73,9): warning C4005: “USE_PTHREAD_COND_TIMEDWAIT_MONOTONIC_NP”: 宏重定义
      E:\rtsp\MyPlayer\3rdparty\webrtc_jitter\rtc_base\event.cc(66,9):
      参见“USE_PTHREAD_COND_TIMEDWAIT_MONOTONIC_NP”的前一个定义
  
E:\rtsp\MyPlayer\3rdparty\webrtc_jitter\rtc_base\event.cc(76,9): warning C4005: “USE_PTHREAD_COND_TIMEDWAIT_MONOTONIC_NP”: 宏重定义
      E:\rtsp\MyPlayer\3rdparty\webrtc_jitter\rtc_base\event.cc(73,9):
      参见“USE_PTHREAD_COND_TIMEDWAIT_MONOTONIC_NP”的前一个定义
  
E:\rtsp\MyPlayer\3rdparty\webrtc_jitter\rtc_base\event.cc(204,1): error C1010: 在查找预编译头时遇到意外的文件结尾。是否忘记了向源中添加“#include "pch.h"”?
  event_tracer.cc
E:\rtsp\MyPlayer\3rdparty\webrtc_jitter\rtc_base\event_tracer.cc(412,1): error C1010: 在查找预编译头时遇到意外的文件结尾。是否忘记了向源中添加“#include "pch.h"”?
  alr_experiment.cc
E:\rtsp\MyPlayer\3rdparty\webrtc_jitter\rtc_base\experiments\alr_experiment.cc(87,1): error C1010: 在查找预编译头时遇到意外的文件结尾。是否忘记了向源中添加“#include "pch.h"”?
  field_trial_parser.cc
E:\rtsp\MyPlayer\3rdparty\webrtc_jitter\rtc_base\experiments\field_trial_parser.cc(189,1): error C1010: 在查找预编译头时遇到意外的文件结尾。是否忘记了向源中添加“#include "pch.h"”?
  field_trial_units.cc
E:\rtsp\MyPlayer\3rdparty\webrtc_jitter\rtc_base\experiments\field_trial_units.cc(97,1): error C1010: 在查找预编译头时遇到意外的文件结尾。是否忘记了向源中添加“#include "pch.h"”?
  jitter_upper_bound_experiment.cc
E:\rtsp\MyPlayer\3rdparty\webrtc_jitter\rtc_base\experiments\jitter_upper_bound_experiment.cc(48,1): error C1010: 在查找预编译头时遇到意外的文件结尾。是否忘记了向源中添加“#include "pch.h"”?
  正在生成代码...
  正在编译...
  rate_control_settings.cc
E:\rtsp\MyPlayer\3rdparty\webrtc_jitter\rtc_base\experiments\rate_control_settings.cc(109,1): error C1010: 在查找预编译头时遇到意外的文件结尾。是否忘记了向源中添加“#include "pch.h"”?
  logging.cc
E:\rtsp\MyPlayer\3rdparty\webrtc_jitter\rtc_base\logging.cc(525,1): error C1010: 在查找预编译头时遇到意外的文件结尾。是否忘记了向源中添加“#include "pch.h"”?
  sent_packet.cc
E:\rtsp\MyPlayer\3rdparty\webrtc_jitter\rtc_base\network\sent_packet.cc(28,1): error C1010: 在查找预编译头时遇到意外的文件结尾。是否忘记了向源中添加“#include "pch.h"”?
  exp_filter.cc
E:\rtsp\MyPlayer\3rdparty\webrtc_jitter\rtc_base\numerics\exp_filter.cc(44,1): error C1010: 在查找预编译头时遇到意外的文件结尾。是否忘记了向源中添加“#include "pch.h"”?
  platform_thread.cc
E:\rtsp\MyPlayer\3rdparty\webrtc_jitter\rtc_base\platform_thread.cc(201,1): error C1010: 在查找预编译头时遇到意外的文件结尾。是否忘记了向源中添加“#include "pch.h"”?
  platform_thread_types.cc
E:\rtsp\MyPlayer\3rdparty\webrtc_jitter\rtc_base\platform_thread_types.cc(12,1): error C1010: 在查找预编译头时遇到意外的文件结尾。是否忘记了向源中添加“#include "pch.h"”?
  random.cc
E:\rtsp\MyPlayer\3rdparty\webrtc_jitter\rtc_base\random.cc(86,1): error C1010: 在查找预编译头时遇到意外的文件结尾。是否忘记了向源中添加“#include "pch.h"”?
  rate_statistics.cc
E:\rtsp\MyPlayer\3rdparty\webrtc_jitter\rtc_base\rate_statistics.cc(132,1): error C1010: 在查找预编译头时遇到意外的文件结尾。是否忘记了向源中添加“#include "pch.h"”?
  audio_format_to_string.cc
E:\rtsp\MyPlayer\3rdparty\webrtc_jitter\rtc_base\strings\audio_format_to_string.cc(55,1): error C1010: 在查找预编译头时遇到意外的文件结尾。是否忘记了向源中添加“#include "pch.h"”?
  json.cc
E:\rtsp\MyPlayer\3rdparty\webrtc_jitter\rtc_base\strings\json.cc(295,1): error C1010: 在查找预编译头时遇到意外的文件结尾。是否忘记了向源中添加“#include "pch.h"”?
  json_unittest.cc
E:\rtsp\MyPlayer\3rdparty\webrtc_jitter\rtc_base\strings\json_unittest.cc(284,1): error C1010: 在查找预编译头时遇到意外的文件结尾。是否忘记了向源中添加“#include "pch.h"”?
  string_builder.cc
E:\rtsp\MyPlayer\3rdparty\webrtc_jitter\rtc_base\strings\string_builder.cc(142,1): error C1010: 在查找预编译头时遇到意外的文件结尾。是否忘记了向源中添加“#include "pch.h"”?
  string_encode.cc
E:\rtsp\MyPlayer\3rdparty\webrtc_jitter\rtc_base\string_encode.cc(390,1): error C1010: 在查找预编译头时遇到意外的文件结尾。是否忘记了向源中添加“#include "pch.h"”?
  string_to_number.cc
E:\rtsp\MyPlayer\3rdparty\webrtc_jitter\rtc_base\string_to_number.cc(91,1): error C1010: 在查找预编译头时遇到意外的文件结尾。是否忘记了向源中添加“#include "pch.h"”?
  string_utils.cc
E:\rtsp\MyPlayer\3rdparty\webrtc_jitter\rtc_base\string_utils.cc(60,1): error C1010: 在查找预编译头时遇到意外的文件结尾。是否忘记了向源中添加“#include "pch.h"”?
  rw_lock_posix.cc
E:\rtsp\MyPlayer\3rdparty\webrtc_jitter\rtc_base\synchronization\rw_lock_posix.cc(53,1): error C1010: 在查找预编译头时遇到意外的文件结尾。是否忘记了向源中添加“#include "pch.h"”?
  rw_lock_win.cc
E:\rtsp\MyPlayer\3rdparty\webrtc_jitter\rtc_base\synchronization\rw_lock_win.cc(107,1): error C1010: 在查找预编译头时遇到意外的文件结尾。是否忘记了向源中添加“#include "pch.h"”?
  rw_lock_wrapper.cc
E:\rtsp\MyPlayer\3rdparty\webrtc_jitter\rtc_base\synchronization\rw_lock_wrapper.cc(30,1): error C1010: 在查找预编译头时遇到意外的文件结尾。是否忘记了向源中添加“#include "pch.h"”?
  sequence_checker.cc
E:\rtsp\MyPlayer\3rdparty\webrtc_jitter\rtc_base\synchronization\sequence_checker.cc(63,1): error C1010: 在查找预编译头时遇到意外的文件结尾。是否忘记了向源中添加“#include "pch.h"”?
  yield_policy.cc
E:\rtsp\MyPlayer\3rdparty\webrtc_jitter\rtc_base\synchronization\yield_policy.cc(83,1): error C1010: 在查找预编译头时遇到意外的文件结尾。是否忘记了向源中添加“#include "pch.h"”?
  正在生成代码...
  正在编译...
  yield_policy_unittest.cc
E:\rtsp\MyPlayer\3rdparty\webrtc_jitter\rtc_base\synchronization\yield_policy_unittest.cc(69,1): error C1010: 在查找预编译头时遇到意外的文件结尾。是否忘记了向源中添加“#include "pch.h"”?
  warn_current_thread_is_deadlocked.cc
E:\rtsp\MyPlayer\3rdparty\webrtc_jitter\rtc_base\system\warn_current_thread_is_deadlocked.cc(24,1): error C1010: 在查找预编译头时遇到意外的文件结尾。是否忘记了向源中添加“#include "pch.h"”?
  timestamp_extrapolator.cc
E:\rtsp\MyPlayer\3rdparty\webrtc_jitter\rtc_base\time\timestamp_extrapolator.cc(211,1): error C1010: 在查找预编译头时遇到意外的文件结尾。是否忘记了向源中添加“#include "pch.h"”?
  time_utils.cc
E:\rtsp\MyPlayer\3rdparty\webrtc_jitter\rtc_base\time_utils.cc(329,1): error C1010: 在查找预编译头时遇到意外的文件结尾。是否忘记了向源中添加“#include "pch.h"”?
  zero_memory.cc
E:\rtsp\MyPlayer\3rdparty\webrtc_jitter\rtc_base\zero_memory.cc(39,1): error C1010: 在查找预编译头时遇到意外的文件结尾。是否忘记了向源中添加“#include "pch.h"”?
  正在生成代码...
